data/id,data/product_url,data/offers_url,data/retailer_product_id,data/price,data/price_marketplace,data/shipping,data/shipping_cost,data/availability,data/availability_code,data/3rd_party_info/retailer_identifier,data/3rd_party_info/name,data/3rd_party_info/url,data/3rd_party_info/price,data/3rd_party_info/shipping_cost,data/buybox/winner,data/rating_count,data/rating_average,data/last_update,data/last_change,product/id,product/name,product/ean,product/sku,product/msrps/AED,product/brand_name,product/competitor,product/attributes/0/name,product/attributes/0/values/0,product/attributes/1/name,product/attributes/1/values/0,product/attributes/2/name,product/attributes/2/values/0,retailer/id,retailer/name,retailer/url,retailer/country_code,retailer/currency,product/msrps/JOD
d1810e85789fcb2ed3,https://www.amazon.ae/dp/B077ST3JNR/,https://www.amazon.ae/gp/offer-listing/B077ST3JNR/,B077ST3JNR,64.93,53.5,unknown,-1,in_stock,1,A3KEDNAFRWCFS2,Hardik Shopping,https://www.amazon.ae/gp/aag/main/ref=olp_merch_name?ie=UTF8&seller=A3KEDNAFRWCFS2,53.5,0,direct,9,3.5,2022-04-01T17:27:00Z,2022-03-30T07:04:46Z,d88a1e856b99bd21d7,"Fine Care Incontinence Unisex Briefs, Large, Waist (110 -156 cm), Pack of 18 (UAE)",6251001216387,,73.2,Fine,False,area,UAE,category,Adult,product_range,"Care Incontinence Unisex Briefs, Large, Waist (110 -156 cm), Pack of 18",c09a0b91619bdb24d8,Amazon.ae,https://www.amazon.ae/,AE,AED,
d1810983789bc821d0,https://www.amazon.ae/dp/B077ST3JNR/,https://www.amazon.ae/gp/offer-listing/B077ST3JNR/,B077ST3JNR,76.55,-1.0,unknown,-1,in_stock,1,,,,,,direct,9,3.5,2022-03-30T03:31:33Z,2022-03-27T20:03:02Z,d88a1e856b99bd21d7,"Fine Care Incontinence Unisex Briefs, Large, Waist (110 -156 cm), Pack of 18 (UAE)",6251001216387,,73.2,Fine,False,area,UAE,category,Adult,product_range,"Care Incontinence Unisex Briefs, Large, Waist (110 -156 cm), Pack of 18",c09a0b91619bdb24d8,Amazon.ae,https://www.amazon.ae/,AE,AED,
d1810a827d96cf27d5,https://www.amazon.ae/dp/B077ST3JNR/,https://www.amazon.ae/gp/offer-listing/B077ST3JNR/,B077ST3JNR,55.9,-1.0,unknown,-1,in_stock,1,,,,,,direct,9,3.5,2022-03-27T16:25:44Z,2022-03-21T14:37:55Z,d88a1e856b99bd21d7,"Fine Care Incontinence Unisex Briefs, Large, Waist (110 -156 cm), Pack of 18 (UAE)",6251001216387,,73.2,Fine,False,area,UAE,category,Adult,product_range,"Care Incontinence Unisex Briefs, Large, Waist (110 -156 cm), Pack of 18",c09a0b91619bdb24d8,Amazon.ae,https://www.amazon.ae/,AE,AED,
d18002897998ca25d7,https://www.amazon.ae/dp/B077ST3JNR/,https://www.amazon.ae/gp/offer-listing/B077ST3JNR/,B077ST3JNR,55.9,53.5,unknown,-1,in_stock,1,A3KEDNAFRWCFS2,Hardik Shopping,https://www.amazon.ae/gp/aag/main/ref=olp_merch_name?ie=UTF8&seller=A3KEDNAFRWCFS2,53.5,0,direct,9,3.5,2022-03-21T11:29:02Z,2022-03-18T16:02:29Z,d88a1e856b99bd21d7,"Fine Care Incontinence Unisex Briefs, Large, Waist (110 -156 cm), Pack of 18 (UAE)",6251001216387,,73.2,Fine,False,area,UAE,category,Adult,product_range,"Care Incontinence Unisex Briefs, Large, Waist (110 -156 cm), Pack of 18",c09a0b91619bdb24d8,Amazon.ae,https://www.amazon.ae/,AE,AED,
d18002837f98ce2fd4,https://www.amazon.ae/dp/B077ST3JNR/,https://www.amazon.ae/gp/offer-listing/B077ST3JNR/,B077ST3JNR,64.93,53.5,unknown,-1,in_stock,1,A3KEDNAFRWCFS2,Hardik Shopping,https://www.amazon.ae/gp/aag/main/ref=olp_merch_name?ie=UTF8&seller=A3KEDNAFRWCFS2,53.5,0,direct,9,3.5,2022-03-18T12:43:08Z,2022-03-17T14:21:35Z,d88a1e856b99bd21d7,"Fine Care Incontinence Unisex Briefs, Large, Waist (110 -156 cm), Pack of 18 (UAE)",6251001216387,,73.2,Fine,False,area,UAE,category,Adult,product_range,"Care Incontinence Unisex Briefs, Large, Waist (110 -156 cm), Pack of 18",c09a0b91619bdb24d8,Amazon.ae,https://www.amazon.ae/,AE,AED,
d1800f897c9ecc21d4,https://www.amazon.ae/dp/B077ST3JNR/,https://www.amazon.ae/gp/offer-listing/B077ST3JNR/,B077ST3JNR,64.92,53.5,unknown,-1,in_stock,1,A3KEDNAFRWCFS2,Hardik Shopping,https://www.amazon.ae/gp/aag/main/ref=olp_merch_name?ie=UTF8&seller=A3KEDNAFRWCFS2,53.5,0,direct,9,3.5,2022-03-17T11:14:37Z,2022-03-12T18:48:33Z,d88a1e856b99bd21d7,"Fine Care Incontinence Unisex Briefs, Large, Waist (110 -156 cm), Pack of 18 (UAE)",6251001216387,,73.2,Fine,False,area,UAE,category,Adult,product_range,"Care Incontinence Unisex Briefs, Large, Waist (110 -156 cm), Pack of 18",c09a0b91619bdb24d8,Amazon.ae,https://www.amazon.ae/,AE,AED,
d18303827a9cce25d0,https://www.amazon.ae/dp/B077ST3JNR/,https://www.amazon.ae/gp/offer-listing/B077ST3JNR/,B077ST3JNR,66.1,60.0,unknown,-1,in_stock,1,A3KEDNAFRWCFS2,Hardik Shopping,https://www.amazon.ae/gp/aag/main/ref=olp_merch_name?ie=UTF8&seller=A3KEDNAFRWCFS2,60,0,direct,9,3.5,2022-03-12T15:48:13Z,2022-02-27T04:56:18Z,d88a1e856b99bd21d7,"Fine Care Incontinence Unisex Briefs, Large, Waist (110 -156 cm), Pack of 18 (UAE)",6251001216387,,73.2,Fine,False,area,UAE,category,Adult,product_range,"Care Incontinence Unisex Briefs, Large, Waist (110 -156 cm), Pack of 18",c09a0b91619bdb24d8,Amazon.ae,https://www.amazon.ae/,AE,AED,
d1800381799ac424d6,https://cozmo.jo/nai-moroccan-mint-tea-with-lemon-pear-monk-fruit-370ml.html,,,1.5,-1,unknown,-1,in_stock,1,,,,,,,-1,-1,2022-04-01T17:31:18Z,2022-03-19T03:12:17Z,cc8b11810a96d020d3,Fine Iced Tea - Nai Lemon - 370 ml (Bale of 01x12),9506000113425,,,Fine,False,category,Iced Tea,product_range,Iced Tea - Nai Lemon - 370 ml (Bale of 01x12),,,cf8665816c9fdc24c1,Cozmo.jo,https://cozmo.jo/,JO,JOD,1.5
d1810e867b9fc926d5,https://www.carrefourjordan.com/mafjor/ar/beverages/tea/iced-tea/nai-ice-tea-morrocan-lemn-mint370ml/p/689079,,,1.39,-1,unknown,-1,in_stock,1,,,,,,,-1,-1,2022-04-01T17:31:15Z,2022-03-30T11:05:24Z,cc8b11810a96d020d3,Fine Iced Tea - Nai Lemon - 370 ml (Bale of 01x12),9506000113425,,,Fine,False,category,Iced Tea,product_range,Iced Tea - Nai Lemon - 370 ml (Bale of 01x12),,,cd867a806e99d824d9,Carrefourjordan.com,https://www.carrefourjordan.com/,JO,JOD,1.5
d1800381799ac424d3,https://www.carrefourjordan.com/mafjor/ar/beverages/tea/iced-tea/nai-ice-tea-morrocan-lemn-mint370ml/p/689079,,,1.39,-1,unknown,-1,out_of_stock,5,,,,,,,-1,-1,2022-03-30T07:19:06Z,2022-03-19T03:12:17Z,cc8b11810a96d020d3,Fine Iced Tea - Nai Lemon - 370 ml (Bale of 01x12),9506000113425,,,Fine,False,category,Iced Tea,product_range,Iced Tea - Nai Lemon - 370 ml (Bale of 01x12),,,cd867a806e99d824d9,Carrefourjordan.com,https://www.carrefourjordan.com/,JO,JOD,1.5
d18003817c9bcc2ed0,https://cozmo.jo/nai-jasmine-white-tea-with-peach-mango-pear-370ml.html,,,1.5,-1,unknown,-1,in_stock,1,,,,,,,-1,-1,2022-04-01T17:36:01Z,2022-03-19T04:40:10Z,cc8b04816096c020d0,Fine Iced Tea - Nai Peach - 370 ml (Carton of 01x12),9506000113418,,,Fine,False,category,Iced Tea,product_range,Iced Tea - Nai Peach - 370 ml (Carton of 01x12),,,cf8665816c9fdc24c1,Cozmo.jo,https://cozmo.jo/,JO,JOD,1.5
d18108827b9fcc20d2,https://www.carrefourjordan.com/mafjor/ar/beverages/tea/iced-tea/nai-ice-tea-peach-mango-jasmi370ml/p/689078,,,1.39,-1,unknown,-1,limited,2,,,,,,,-1,-1,2022-04-01T17:36:20Z,2022-03-25T08:35:37Z,cc8b04816096c020d0,Fine Iced Tea - Nai Peach - 370 ml (Carton of 01x12),9506000113418,,,Fine,False,category,Iced Tea,product_range,Iced Tea - Nai Peach - 370 ml (Carton of 01x12),,,cd867a806e99d824d9,Carrefourjordan.com,https://www.carrefourjordan.com/,JO,JOD,1.5
d18108817e9fc920d2,https://www.carrefourjordan.com/mafjor/ar/beverages/tea/iced-tea/nai-ice-tea-peach-mango-jasmi370ml/p/689078,,,1.39,-1,unknown,-1,in_stock,1,,,,,,,-1,-1,2022-03-25T04:54:55Z,2022-03-25T04:54:55Z,cc8b04816096c020d0,Fine Iced Tea - Nai Peach - 370 ml (Carton of 01x12),9506000113418,,,Fine,False,category,Iced Tea,product_range,Iced Tea - Nai Peach - 370 ml (Carton of 01x12),,,cd867a806e99d824d9,Carrefourjordan.com,https://www.carrefourjordan.com/,JO,JOD,1.5
d1810b897e9acb23dd,https://www.carrefourjordan.com/mafjor/ar/beverages/tea/iced-tea/nai-ice-tea-peach-mango-jasmi370ml/p/689078,,,1.39,-1,unknown,-1,limited,2,,,,,,,-1,-1,2022-03-25T00:54:25Z,2022-03-24T17:15:47Z,cc8b04816096c020d0,Fine Iced Tea - Nai Peach - 370 ml (Carton of 01x12),9506000113418,,,Fine,False,category,Iced Tea,product_range,Iced Tea - Nai Peach - 370 ml (Carton of 01x12),,,cd867a806e99d824d9,Carrefourjordan.com,https://www.carrefourjordan.com/,JO,JOD,1.5
d1800281739bce21dc,https://www.carrefourjordan.com/mafjor/ar/beverages/tea/iced-tea/nai-ice-tea-peach-mango-jasmi370ml/p/689078,,,1.39,-1,unknown,-1,in_stock,1,,,,,,,-1,-1,2022-03-24T13:40:41Z,2022-03-17T08:39:00Z,cc8b04816096c020d0,Fine Iced Tea - Nai Peach - 370 ml (Carton of 01x12),9506000113418,,,Fine,False,category,Iced Tea,product_range,Iced Tea - Nai Peach - 370 ml (Carton of 01x12),,,cd867a806e99d824d9,Carrefourjordan.com,https://www.carrefourjordan.com/,JO,JOD,1.5
d18003817f9bc423d1,https://cozmo.jo/nai-hibiscus-flower-tea-with-pomegranate-rose-water-grape-apple-370ml.html,,,1.5,-1,unknown,-1,in_stock,1,,,,,,,-1,-1,2022-04-01T17:36:25Z,2022-03-19T04:17:31Z,cc8b1f816c96d720d1,Fine Iced Tea - Nai Hibiscus - 370 ml(Carton of 01x12),9506000113401,,,Fine,False,category,Iced Tea,product_range,Iced Tea - Nai Hibiscus - 370 ml(Carton of 01x12),,,cf8665816c9fdc24c1,Cozmo.jo,https://cozmo.jo/,JO,JOD,1.5
d18108847399ce27d4,https://www.carrefourjordan.com/mafjor/ar/beverages/tea/iced-tea/nai-ice-tea-hibiscus-flower-370ml/p/689081,,,1.39,-1,unknown,-1,limited,2,,,,,,,-1,-1,2022-04-01T17:36:25Z,2022-03-26T00:02:06Z,cc8b1f816c96d720d1,Fine Iced Tea - Nai Hibiscus - 370 ml(Carton of 01x12),9506000113401,,,Fine,False,category,Iced Tea,product_range,Iced Tea - Nai Hibiscus - 370 ml(Carton of 01x12),,,cd867a806e99d824d9,Carrefourjordan.com,https://www.carrefourjordan.com/,JO,JOD,1.5
d1800281739bc522dd,https://www.carrefourjordan.com/mafjor/ar/beverages/tea/iced-tea/nai-ice-tea-hibiscus-flower-370ml/p/689081,,,1.39,-1,unknown,-1,in_stock,1,,,,,,,-1,-1,2022-03-25T15:52:06Z,2022-03-17T08:40:12Z,cc8b1f816c96d720d1,Fine Iced Tea - Nai Hibiscus - 370 ml(Carton of 01x12),9506000113401,,,Fine,False,category,Iced Tea,product_range,Iced Tea - Nai Hibiscus - 370 ml(Carton of 01x12),,,cd867a806e99d824d9,Carrefourjordan.com,https://www.carrefourjordan.com/,JO,JOD,1.5
d18109847999cd2fd3,https://www.carrefourjordan.com/mafjor/ar/beverages/tea/iced-tea/nai-iced-tea-multi-flavors-250mlx4/p/669307,,,3.19,-1,unknown,-1,out_of_stock,5,,,,,,,-1,-1,2022-04-01T17:37:31Z,2022-03-28T03:51:54Z,db8b1b816296d020d6,Fine iced tea - nai multi flavor  - 4 pack( carton of 10*1,9506000113531,,,Fine,False,category,Iced Tea,product_range,iced tea - nai multi flavor  - 4 pack( carton of 10*1,,,cd867a806e99d824d9,Carrefourjordan.com,https://www.carrefourjordan.com/,JO,JOD,3.5
d1800281739bcb2ed3,https://www.carrefourjordan.com/mafjor/ar/beverages/tea/iced-tea/nai-iced-tea-multi-flavors-250mlx4/p/669307,,,3.19,-1,unknown,-1,limited,2,,,,,,,-1,-1,2022-03-28T00:19:20Z,2022-03-17T08:39:49Z,db8b1b816296d020d6,Fine iced tea - nai multi flavor  - 4 pack( carton of 10*1,9506000113531,,,Fine,False,category,Iced Tea,product_range,iced tea - nai multi flavor  - 4 pack( carton of 10*1,,,cd867a806e99d824d9,Carrefourjordan.com,https://www.carrefourjordan.com/,JO,JOD,3.5
d18003817998c821d2,https://cozmo.jo/nai-hibiscus-flower-tea-with-pomegranate-rose-water-grape-apple-250ml.html,,,0.99,-1,unknown,-1,in_stock,1,,,,,,,-1,-1,2022-04-01T17:32:58Z,2022-03-19T03:18:40Z,c38b1e816b96d720d4,Fine Iced Tea - Nai Hibiscus - 250 ml (Carton of 01x24,9506000113388,,,Fine,False,category,Iced Tea,product_range,Iced Tea - Nai Hibiscus - 250 ml (Carton of 01x24,,,cf8665816c9fdc24c1,Cozmo.jo,https://cozmo.jo/,JO,JOD,1
d1800281739dcb22dc,https://www.carrefourjordan.com/mafjor/ar/beverages/tea/iced-tea/nai-arabia-hibiscus-flowere-250ml/p/658210,,,0.89,-1,unknown,-1,out_of_stock,5,,,,,,,-1,-1,2022-04-01T17:32:58Z,2022-03-17T08:33:53Z,c38b1e816b96d720d4,Fine Iced Tea - Nai Hibiscus - 250 ml (Carton of 01x24,9506000113388,,,Fine,False,category,Iced Tea,product_range,Iced Tea - Nai Hibiscus - 250 ml (Carton of 01x24,,,cd867a806e99d824d9,Carrefourjordan.com,https://www.carrefourjordan.com/,JO,JOD,1
