product/id,product/name,product/ean,product/sku,product/msrps/AED,product/brand_name,product/competitor,product/attributes/0/name,product/attributes/0/values/0,product/attributes/1/name,product/attributes/1/values/0,product/attributes/2/name,product/attributes/2/values/0,retailers_data/data/id,retailers_data/data/product_url,retailers_data/data/offers_url,retailers_data/data/retailer_product_id,retailers_data/data/price,retailers_data/data/price_marketplace,retailers_data/data/shipping,retailers_data/data/shipping_cost,retailers_data/data/availability,retailers_data/data/availability_code,retailers_data/data/buybox/winner,retailers_data/data/rating_count,retailers_data/data/rating_average,retailers_data/data/last_update,retailers_data/data/last_change,retailers_data/retailer/id,retailers_data/retailer/name,retailers_data/retailer/url,retailers_data/retailer/country_code,retailers_data/retailer/currency,retailers_data/data/3rd_party_info/retailer_identifier,retailers_data/data/3rd_party_info/name,retailers_data/data/3rd_party_info/url,retailers_data/data/3rd_party_info/shipping_cost,retailers_data/data/3rd_party_info/price,retailers_data/data/buybox/info/retailer_identifier,retailers_data/data/buybox/info/name,retailers_data/data/buybox/info/url,retailers_data/data/buybox/info/price,retailers_data/data/buybox/info/shipping_cost,retailers_data/data/buybox/is_marketplace_lowest,retailers_data/data/buybox/is_direct_lost,product/msrps/SAR,product/attributes/3/name,product/attributes/3/values/0,product/msrps/EGP
c38a65857699dc2ed4,Fine Adult Diaper Care Large (Bale of 36x3) Marvel Export (UAE),6251001239133,,114.86,Fine,False,area,UAE,category,Adult,product_range,Adult Diaper Care Large (Bale of 36x3) Marvel Export,d1810f87739bcf27d4,https://www.amazon.ae/dp/B07PJ73335/,https://www.amazon.ae/gp/offer-listing/B07PJ73335/,B07PJ73335,90.88,-1,unknown,-1,in_stock,1,direct,20,4.4,2022-04-01T18:44:45Z,2022-04-01T18:44:45Z,c09a0b91619bdb24d8,Amazon.ae,https://www.amazon.ae/,AE,AED,,,,,,,,,,,,,,,,
c38a65857699dc2ed4,Fine Adult Diaper Care Large (Bale of 36x3) Marvel Export (UAE),6251001239133,,114.86,Fine,False,area,UAE,category,Adult,product_range,Adult Diaper Care Large (Bale of 36x3) Marvel Export,d1810f85739fcd20d2,https://www.carrefouruae.com/mafuae/en/root-maf-category/food-navigation-category/beauty-personal-care/personal-care-wellbeing/adult-hygiene/fine-adult-diaper-large-mega-x-36/p/1838851,,,90.88,-1,unknown,-1,limited,2,,-1,-1.0,2022-04-01T18:44:45Z,2022-04-01T10:55:07Z,c18617806c9dc023cf,Carrefouruae.com Festival City Mall,https://www.carrefouruae.com/,AE,AED,,Carrefour,,0,,,,,,,,,,,,
c38a65857699dc2ed4,Fine Adult Diaper Care Large (Bale of 36x3) Marvel Export (UAE),6251001239133,,114.86,Fine,False,area,UAE,category,Adult,product_range,Adult Diaper Care Large (Bale of 36x3) Marvel Export,d1810f85739fcd20d4,https://www.carrefouruae.com/mafuae/en/root-maf-category/food-navigation-category/beauty-personal-care/personal-care-wellbeing/adult-hygiene/fine-adult-diaper-large-mega-x-36/p/1838851,,,90.88,-1,unknown,-1,limited,2,,-1,-1.0,2022-04-01T18:44:44Z,2022-04-01T10:55:07Z,c4860480619dd420c0,Carrefouruae.com Ibn Battuta Mall,https://www.carrefouruae.com/,AE,AED,,Carrefour,,0,,,,,,,,,,,,
c38a65857699dc2ed4,Fine Adult Diaper Care Large (Bale of 36x3) Marvel Export (UAE),6251001239133,,114.86,Fine,False,area,UAE,category,Adult,product_range,Adult Diaper Care Large (Bale of 36x3) Marvel Export,d1810f85739fcd20d0,https://www.carrefouruae.com/mafuae/en/root-maf-category/food-navigation-category/beauty-personal-care/personal-care-wellbeing/adult-hygiene/fine-adult-diaper-large-mega-x-36/p/1838851,,,90.88,-1,unknown,-1,limited,2,,-1,-1.0,2022-04-01T18:44:44Z,2022-04-01T10:55:07Z,cc861280619dbd2fd9,Carrefouruae.com Wafi Mall,https://www.carrefouruae.com/,AE,AED,,Carrefour,,0,,,,,,,,,,,,
c38a65857699dc2ed4,Fine Adult Diaper Care Large (Bale of 36x3) Marvel Export (UAE),6251001239133,,114.86,Fine,False,area,UAE,category,Adult,product_range,Adult Diaper Care Large (Bale of 36x3) Marvel Export,d1800d877296c923dd,https://www.amazon.eg/dp/B07PJ73335/,https://www.amazon.eg/gp/offer-listing/B07PJ73335/,B07PJ73335,-1.0,270,unknown,-1,marketplace_only,10,marketplace,7,2.5,2022-04-01T18:44:44Z,2022-03-16T14:58:12Z,d88106890a99d921c4,Amazon.eg,https://www.amazon.eg/,EG,EGP,A1S78Y6DQ4QQV7,الاجزخانة,https://www.amazon.eg/gp/aag/main/ref=olp_merch_name?ie=UTF8&seller=A1S78Y6DQ4QQV7,0,270,A1S78Y6DQ4QQV7,الاجزخانة,https://www.amazon.eg/gp/aag/main/ref=olp_merch_name?ie=UTF8&seller=A1S78Y6DQ4QQV7,270,0,True,False,,,,
c38a65857699dc2ed4,Fine Adult Diaper Care Large (Bale of 36x3) Marvel Export (UAE),6251001239133,,114.86,Fine,False,area,UAE,category,Adult,product_range,Adult Diaper Care Large (Bale of 36x3) Marvel Export,d1810f85739fcd23dc,https://www.carrefouruae.com/mafuae/en/root-maf-category/food-navigation-category/beauty-personal-care/personal-care-wellbeing/adult-hygiene/fine-adult-diaper-large-mega-x-36/p/1838851,,,90.88,-1,unknown,-1,limited,2,,-1,-1.0,2022-04-01T18:44:43Z,2022-04-01T10:55:07Z,cf861b80629dd621db,Carrefouruae.com Mall of the Emirates,https://www.carrefouruae.com/,AE,AED,,Carrefour,,0,,,,,,,,,,,,
c38a65857699dc2ed4,Fine Adult Diaper Care Large (Bale of 36x3) Marvel Export (UAE),6251001239133,,114.86,Fine,False,area,UAE,category,Adult,product_range,Adult Diaper Care Large (Bale of 36x3) Marvel Export,d1810f85739fcd20dd,https://www.carrefouruae.com/mafuae/en/root-maf-category/food-navigation-category/beauty-personal-care/personal-care-wellbeing/adult-hygiene/fine-adult-diaper-large-mega-x-36/p/1838851,,,90.88,-1,unknown,-1,limited,2,,-1,-1.0,2022-04-01T18:44:43Z,2022-04-01T10:55:08Z,cf860680159dd62ec1,Carrefouruae.com Mirdiff,https://www.carrefouruae.com/,AE,AED,,Carrefour,,0,,,,,,,,,,,,
c38a65857699dc2ed4,Fine Adult Diaper Care Large (Bale of 36x3) Marvel Export (UAE),6251001239133,,114.86,Fine,False,area,UAE,category,Adult,product_range,Adult Diaper Care Large (Bale of 36x3) Marvel Export,d1810f85739fcd21d3,https://www.carrefouruae.com/mafuae/en/root-maf-category/food-navigation-category/beauty-personal-care/personal-care-wellbeing/adult-hygiene/fine-adult-diaper-large-mega-x-36/p/1838851,,,90.88,-1,unknown,-1,limited,2,,-1,-1.0,2022-04-01T18:44:41Z,2022-04-01T10:55:08Z,c18006870a98d72ecc,Carrefouruae.com,https://www.carrefouruae.com/,AE,AED,,Carrefour,,0,,,,,,,,,,,,
c38a65857699dc2ed4,Fine Adult Diaper Care Large (Bale of 36x3) Marvel Export (UAE),6251001239133,,114.86,Fine,False,area,UAE,category,Adult,product_range,Adult Diaper Care Large (Bale of 36x3) Marvel Export,d1810e887b97cc22dd,https://www.noon.com/uae-en/incontinence-adult-briefs-36-diapers/N13346123A/p/?o=a54e42814663048f,,,-1.0,-1,unknown,-1,out_of_stock,5,,-1,-1.0,2022-04-01T17:55:00Z,2022-03-30T19:09:40Z,ba801e85779ad025c3,Noon.com UAE,https://www.noon.com/,AE,AED,,,,,,,,,,,,,,,,
c38b11810a99c120dd,Fine Adult Diaper Fine Care Large (Bale of 30x3),6251001239393,,,Fine,False,category,Fine Care,product_range,Adult Diaper Fine Care Large (Bale of 30x3),,,d1810e847a99c42ed7,https://www.amazon.sa/dp/B088QGX7KY/,https://www.amazon.sa/gp/offer-listing/B088QGX7KY/,B088QGX7KY,-1,245,unknown,-1,marketplace_only,10,marketplace,1,4,2022-03-30T01:11:38Z,2022-03-30T01:11:38Z,ba811084679fc122a5,Amazon.sa,https://www.amazon.sa/,SA,SAR,A3PG0H2HOB4OT8,الجوده والثقة,https://www.amazon.sa/gp/aag/main/ref=olp_merch_name?ie=UTF8&seller=A3PG0H2HOB4OT8,0,245,A3PG0H2HOB4OT8,الجوده والثقة,https://www.amazon.sa/gp/aag/main/ref=olp_merch_name?ie=UTF8&seller=A3PG0H2HOB4OT8,245,0,True,False,,,,
ce8b1f816799c020dc,Fine Adult Diaper Fine Care Medium (Bale of 22x4),6251001216462,,,Fine,False,category,Fine Care,product_range,Adult Diaper Fine Care Medium (Bale of 22x4),,,d1810e857b9bc425dc,https://www.amazon.sa/dp/B083B18SHZ/,https://www.amazon.sa/gp/offer-listing/B083B18SHZ/,B083B18SHZ,-1,224.95,unknown,-1,marketplace_only,10,marketplace,4,5,2022-03-31T21:01:07Z,2022-03-30T06:48:57Z,ba811084679fc122a5,Amazon.sa,https://www.amazon.sa/,SA,SAR,A3FZCVLSYP4PU3,MEDPRO MEDICAL ASSISTANT,https://www.amazon.sa/gp/aag/main/ref=olp_merch_name?ie=UTF8&seller=A3FZCVLSYP4PU3,0,224.95,A3FZCVLSYP4PU3,MEDPRO MEDICAL ASSISTANT,https://www.amazon.sa/gp/aag/main/ref=olp_merch_name?ie=UTF8&seller=A3FZCVLSYP4PU3,224.95,0,True,False,,,,
cc8b11816e99d621d5,Fine Adult Diaper Fine Care Small (Bale of 18x4),6251001216486,,,Fine,False,category,Fine Care,product_range,Adult Diaper Fine Care Small (Bale of 18x4),,,d1810e887299cc25d3,https://www.amazon.sa/dp/B08542LWB2/,https://www.amazon.sa/gp/offer-listing/B08542LWB2/,B08542LWB2,-1,163,unknown,-1,marketplace_only,10,no_winner,-1,-1,2022-04-01T09:17:29Z,2022-03-30T23:06:31Z,ba811084679fc122a5,Amazon.sa,https://www.amazon.sa/,SA,SAR,A3FZCVLSYP4PU3,MEDPRO MEDICAL ASSISTANT,https://www.amazon.sa/gp/aag/main/ref=olp_merch_name?ie=UTF8&seller=A3FZCVLSYP4PU3,0,163,,,,,,,,,,,
c38a13856799d62fd6,"Fine Baby Diaper Baby Green JUN, Size 6 Jumbo Pack MBG - 36 diapers (UAE)",6251001263534,,49.88,Fine,False,area,UAE,category,Baby,product_range,"Baby Diaper Baby Green JUN, Size 6 Jumbo Pack MBG - 36 diapers",d1810e88799acf27dc,https://www.amazon.ae/dp/B07BQNHB1N/,https://www.amazon.ae/gp/offer-listing/B07BQNHB1N/,B07BQNHB1N,43.83,37,unknown,-1,in_stock,1,direct,18,4.3,2022-04-01T17:59:45Z,2022-03-30T20:03:02Z,c09a0b91619bdb24d8,Amazon.ae,https://www.amazon.ae/,AE,AED,A321L3BFG62IFY,Narmine Pharmacy,https://www.amazon.ae/gp/aag/main/ref=olp_merch_name?ie=UTF8&seller=A321L3BFG62IFY,0,37,,,,,,,,,,,
c38a13856799d62fd6,"Fine Baby Diaper Baby Green JUN, Size 6 Jumbo Pack MBG - 36 diapers (UAE)",6251001263534,,49.88,Fine,False,area,UAE,category,Baby,product_range,"Baby Diaper Baby Green JUN, Size 6 Jumbo Pack MBG - 36 diapers",d1810e897a9ccf26d3,https://www.amazon.sa/dp/B07BQNHB1N/,https://www.amazon.sa/gp/offer-listing/B07BQNHB1N/,B07BQNHB1N,48.35,158,unknown,-1,in_stock,1,direct,1,5.0,2022-04-01T17:59:20Z,2022-03-30T23:55:29Z,ba811084679fc122a5,Amazon.sa,https://www.amazon.sa/,SA,SAR,A1WMO7903R86NZ,ExbordersFZE_ksa,https://www.amazon.sa/gp/aag/main/ref=olp_merch_name?ie=UTF8&seller=A1WMO7903R86NZ,0,158,,,,,,,,,,,
c38a13856799d62fd6,"Fine Baby Diaper Baby Green JUN, Size 6 Jumbo Pack MBG - 36 diapers (UAE)",6251001263534,,49.88,Fine,False,area,UAE,category,Baby,product_range,"Baby Diaper Baby Green JUN, Size 6 Jumbo Pack MBG - 36 diapers",d1810f837d9cce2ed4,https://www.carrefouruae.com/mafuae/en/root-maf-category/food-navigation-category/baby-products/changing-bathing/diapers-wipes-diaper-cream/baby-diapers/finebabyjumbo-jun-1-pack-36-count/p/1827933,,,32.69,-1,unknown,-1,out_of_stock,5,,-1,-1.0,2022-04-01T17:59:18Z,2022-03-31T22:16:57Z,c18617806c9dc023cf,Carrefouruae.com Festival City Mall,https://www.carrefouruae.com/,AE,AED,,Carrefour,,0,,,,,,,,,,,,
c38a13856799d62fd6,"Fine Baby Diaper Baby Green JUN, Size 6 Jumbo Pack MBG - 36 diapers (UAE)",6251001263534,,49.88,Fine,False,area,UAE,category,Baby,product_range,"Baby Diaper Baby Green JUN, Size 6 Jumbo Pack MBG - 36 diapers",d1810f837d9cce2ed1,https://www.carrefouruae.com/mafuae/en/root-maf-category/food-navigation-category/baby-products/changing-bathing/diapers-wipes-diaper-cream/baby-diapers/finebabyjumbo-jun-1-pack-36-count/p/1827933,,,32.69,-1,unknown,-1,out_of_stock,5,,-1,-1.0,2022-04-01T17:59:18Z,2022-03-31T22:16:57Z,cf860680159dd62ec1,Carrefouruae.com Mirdiff,https://www.carrefouruae.com/,AE,AED,,Carrefour,,0,,,,,,,,,,,,
c38a13856799d62fd6,"Fine Baby Diaper Baby Green JUN, Size 6 Jumbo Pack MBG - 36 diapers (UAE)",6251001263534,,49.88,Fine,False,area,UAE,category,Baby,product_range,"Baby Diaper Baby Green JUN, Size 6 Jumbo Pack MBG - 36 diapers",d1810f837d9cce2ed0,https://www.carrefouruae.com/mafuae/en/root-maf-category/food-navigation-category/baby-products/changing-bathing/diapers-wipes-diaper-cream/baby-diapers/finebabyjumbo-jun-1-pack-36-count/p/1827933,,,32.69,-1,unknown,-1,out_of_stock,5,,-1,-1.0,2022-04-01T17:59:18Z,2022-03-31T22:16:57Z,cf861b80629dd621db,Carrefouruae.com Mall of the Emirates,https://www.carrefouruae.com/,AE,AED,,Carrefour,,0,,,,,,,,,,,,
c38a13856799d62fd6,"Fine Baby Diaper Baby Green JUN, Size 6 Jumbo Pack MBG - 36 diapers (UAE)",6251001263534,,49.88,Fine,False,area,UAE,category,Baby,product_range,"Baby Diaper Baby Green JUN, Size 6 Jumbo Pack MBG - 36 diapers",d1810f837d9cce2fd6,https://www.carrefouruae.com/mafuae/en/root-maf-category/food-navigation-category/baby-products/changing-bathing/diapers-wipes-diaper-cream/baby-diapers/finebabyjumbo-jun-1-pack-36-count/p/1827933,,,32.69,-1,unknown,-1,out_of_stock,5,,-1,-1.0,2022-04-01T17:59:18Z,2022-03-31T22:16:59Z,c4860480619dd420c0,Carrefouruae.com Ibn Battuta Mall,https://www.carrefouruae.com/,AE,AED,,Carrefour,,0,,,,,,,,,,,,
c38a13856799d62fd6,"Fine Baby Diaper Baby Green JUN, Size 6 Jumbo Pack MBG - 36 diapers (UAE)",6251001263534,,49.88,Fine,False,area,UAE,category,Baby,product_range,"Baby Diaper Baby Green JUN, Size 6 Jumbo Pack MBG - 36 diapers",d1810f837d9cce2fdc,https://www.carrefouruae.com/mafuae/en/root-maf-category/food-navigation-category/baby-products/changing-bathing/diapers-wipes-diaper-cream/baby-diapers/finebabyjumbo-jun-1-pack-36-count/p/1827933,,,32.69,-1,unknown,-1,out_of_stock,5,,-1,-1.0,2022-04-01T17:59:17Z,2022-03-31T22:17:00Z,cc861280619dbd2fd9,Carrefouruae.com Wafi Mall,https://www.carrefouruae.com/,AE,AED,,Carrefour,,0,,,,,,,,,,,,
c38a13856799d62fd6,"Fine Baby Diaper Baby Green JUN, Size 6 Jumbo Pack MBG - 36 diapers (UAE)",6251001263534,,49.88,Fine,False,area,UAE,category,Baby,product_range,"Baby Diaper Baby Green JUN, Size 6 Jumbo Pack MBG - 36 diapers",d1810e877e9fcc2ed0,https://www.firstcry.ae/fine-baby/fine-baby-diapers-double-lock-technology-size-6-junior-16kg-jumbo-pack-36-diaper-count/10793ae89b012/product-detail?sterm=&spos=1&sstock=1,,,43.83,-1,unknown,-1,in_stock,1,,-1,-1.0,2022-04-01T17:59:17Z,2022-03-30T15:50:38Z,db860680619adc26ba,Firstcry.ae,https://www.firstcry.ae/,AE,AED,,,,,,,,,,,,,,,,
c38a13856799d62fd6,"Fine Baby Diaper Baby Green JUN, Size 6 Jumbo Pack MBG - 36 diapers (UAE)",6251001263534,,49.88,Fine,False,area,UAE,category,Baby,product_range,"Baby Diaper Baby Green JUN, Size 6 Jumbo Pack MBG - 36 diapers",d1810f837d9cce2fd1,https://www.carrefouruae.com/mafuae/en/root-maf-category/food-navigation-category/baby-products/changing-bathing/diapers-wipes-diaper-cream/baby-diapers/finebabyjumbo-jun-1-pack-36-count/p/1827933,,,32.69,-1,unknown,-1,out_of_stock,5,,-1,-1.0,2022-04-01T17:59:16Z,2022-03-31T22:16:59Z,c18006870a98d72ecc,Carrefouruae.com,https://www.carrefouruae.com/,AE,AED,,Carrefour,,0,,,,,,,,,,,,
c38a13856799d62fd6,"Fine Baby Diaper Baby Green JUN, Size 6 Jumbo Pack MBG - 36 diapers (UAE)",6251001263534,,49.88,Fine,False,area,UAE,category,Baby,product_range,"Baby Diaper Baby Green JUN, Size 6 Jumbo Pack MBG - 36 diapers",d18002887c99c825d0,http://www.mumzworld.com/en/fine-baby-doublelock-technology-size-6-junior-36-diaper,,,45.9,-1,unknown,-1,out_of_stock,5,,-1,-1.0,2022-04-01T17:49:25Z,2022-03-18T13:46:13Z,d9837a857799c322c3,Mumzworld.com,http://www.mumzworld.com/,AE,AED,,,,,,,,,,,,,,,,
c38a13856799d62fd6,"Fine Baby Diaper Baby Green JUN, Size 6 Jumbo Pack MBG - 36 diapers (UAE)",6251001263534,,49.88,Fine,False,area,UAE,category,Baby,product_range,"Baby Diaper Baby Green JUN, Size 6 Jumbo Pack MBG - 36 diapers",d1800286799fcb23d1,https://www.noon.com/uae-en/baby-diaper-size-6-junior-16-kg-jumbo-pack-36-count/N10987762A/p/?o=e02a37c443c4a2fd,,,-1.0,-1,unknown,-1,out_of_stock,5,,-1,-1.0,2022-04-01T17:49:15Z,2022-03-18T03:51:22Z,ba801e85779ad025c3,Noon.com UAE,https://www.noon.com/,AE,AED,,,,,,,,,,,,,,,,
c38a13856799d62fd6,"Fine Baby Diaper Baby Green JUN, Size 6 Jumbo Pack MBG - 36 diapers (UAE)",6251001263534,,49.88,Fine,False,area,UAE,category,Baby,product_range,"Baby Diaper Baby Green JUN, Size 6 Jumbo Pack MBG - 36 diapers",d18003807c9bc427d3,https://saudi.mumzworld.com/sa-ar/fine-baby-doublelock-technology-size-6-junior-36-diaper,,,51.33,-1,unknown,-1,out_of_stock,5,,-1,-1.0,2022-04-01T11:49:19Z,2022-03-18T23:08:12Z,ce861c806e9ac023cd,Saudi.mumzworld.com,https://saudi.mumzworld.com/,SA,SAR,,,,,,,,,,,,,,,,
cd8a1e856199d62fd1,"Fine Baby Diaper Baby Green JUN, Size 6 Jumbo Pack MBG (Bale of 36x4) (UAE)",6251001307092,,199.5,Fine,False,area,UAE,category,Baby,product_range,"Baby Diaper Baby Green JUN, Size 6 Jumbo Pack MBG (Bale of 36x4)",d1810e867d9bc923d1,https://www.amazon.ae/dp/B076GNKBXB/,https://www.amazon.ae/gp/offer-listing/B076GNKBXB/,B076GNKBXB,131.2,249,unknown,-1,in_stock,1,direct,83,4.5,2022-04-01T19:22:32Z,2022-03-30T13:16:37Z,c09a0b91619bdb24d8,Amazon.ae,https://www.amazon.ae/,AE,AED,A23E38L7E52YCV,Reem Mart,https://www.amazon.ae/gp/aag/main/ref=olp_merch_name?ie=UTF8&seller=A23E38L7E52YCV,0,249,,,,,,,,,,,
cd8a1e856199d62fd1,"Fine Baby Diaper Baby Green JUN, Size 6 Jumbo Pack MBG (Bale of 36x4) (UAE)",6251001307092,,199.5,Fine,False,area,UAE,category,Baby,product_range,"Baby Diaper Baby Green JUN, Size 6 Jumbo Pack MBG (Bale of 36x4)",d1810f847a9fcb26d1,https://www.carrefouruae.com/mafuae/en/root-maf-category/food-navigation-category/baby-products/changing-bathing/diapers-wipes-diaper-cream/baby-diapers/fine-baby-jumbo-junior-bale-36x4/p/1838856,,,117.4,-1,unknown,-1,out_of_stock,5,,-1,-1.0,2022-04-01T19:22:22Z,2022-03-31T23:39:53Z,cf860680159dd62ec1,Carrefouruae.com Mirdiff,https://www.carrefouruae.com/,AE,AED,,Carrefour,,0,,,,,,,,,,,,
cd8a1e856199d62fd1,"Fine Baby Diaper Baby Green JUN, Size 6 Jumbo Pack MBG (Bale of 36x4) (UAE)",6251001307092,,199.5,Fine,False,area,UAE,category,Baby,product_range,"Baby Diaper Baby Green JUN, Size 6 Jumbo Pack MBG (Bale of 36x4)",d1810f847a9fcb24d5,https://www.amazon.sa/dp/B076GNKBXB/,https://www.amazon.sa/gp/offer-listing/B076GNKBXB/,B076GNKBXB,190.0,380,unknown,-1,in_stock,1,direct,28,4.2,2022-04-01T19:22:20Z,2022-03-31T23:39:56Z,ba811084679fc122a5,Amazon.sa,https://www.amazon.sa/,SA,SAR,A1WMO7903R86NZ,ExbordersFZE_ksa,https://www.amazon.sa/gp/aag/main/ref=olp_merch_name?ie=UTF8&seller=A1WMO7903R86NZ,0,380,,,,,,,,,,,
cd8a1e856199d62fd1,"Fine Baby Diaper Baby Green JUN, Size 6 Jumbo Pack MBG (Bale of 36x4) (UAE)",6251001307092,,199.5,Fine,False,area,UAE,category,Baby,product_range,"Baby Diaper Baby Green JUN, Size 6 Jumbo Pack MBG (Bale of 36x4)",d1810f847a9fcb20d3,https://www.carrefouruae.com/mafuae/en/root-maf-category/food-navigation-category/baby-products/changing-bathing/diapers-wipes-diaper-cream/baby-diapers/fine-baby-jumbo-junior-bale-36x4/p/1838856,,,117.4,-1,unknown,-1,out_of_stock,5,,-1,-1.0,2022-04-01T19:22:20Z,2022-03-31T23:40:03Z,c4860480619dd420c0,Carrefouruae.com Ibn Battuta Mall,https://www.carrefouruae.com/,AE,AED,,Carrefour,,0,,,,,,,,,,,,
cd8a1e856199d62fd1,"Fine Baby Diaper Baby Green JUN, Size 6 Jumbo Pack MBG (Bale of 36x4) (UAE)",6251001307092,,199.5,Fine,False,area,UAE,category,Baby,product_range,"Baby Diaper Baby Green JUN, Size 6 Jumbo Pack MBG (Bale of 36x4)",d1810f847a9fc82fdc,https://www.carrefouruae.com/mafuae/en/root-maf-category/food-navigation-category/baby-products/changing-bathing/diapers-wipes-diaper-cream/baby-diapers/fine-baby-jumbo-junior-bale-36x4/p/1838856,,,117.4,-1,unknown,-1,out_of_stock,5,,-1,-1.0,2022-04-01T19:22:19Z,2022-03-31T23:39:53Z,c18006870a98d72ecc,Carrefouruae.com,https://www.carrefouruae.com/,AE,AED,,Carrefour,,0,,,,,,,,,,,,
cd8a1e856199d62fd1,"Fine Baby Diaper Baby Green JUN, Size 6 Jumbo Pack MBG (Bale of 36x4) (UAE)",6251001307092,,199.5,Fine,False,area,UAE,category,Baby,product_range,"Baby Diaper Baby Green JUN, Size 6 Jumbo Pack MBG (Bale of 36x4)",d1810f847a9fcb20dc,https://www.carrefouruae.com/mafuae/en/root-maf-category/food-navigation-category/baby-products/changing-bathing/diapers-wipes-diaper-cream/baby-diapers/fine-baby-jumbo-junior-bale-36x4/p/1838856,,,117.4,-1,unknown,-1,out_of_stock,5,,-1,-1.0,2022-04-01T19:22:19Z,2022-03-31T23:40:04Z,c18617806c9dc023cf,Carrefouruae.com Festival City Mall,https://www.carrefouruae.com/,AE,AED,,Carrefour,,0,,,,,,,,,,,,
cd8a1e856199d62fd1,"Fine Baby Diaper Baby Green JUN, Size 6 Jumbo Pack MBG (Bale of 36x4) (UAE)",6251001307092,,199.5,Fine,False,area,UAE,category,Baby,product_range,"Baby Diaper Baby Green JUN, Size 6 Jumbo Pack MBG (Bale of 36x4)",d1810f847a9fc82fd2,https://www.carrefouruae.com/mafuae/en/root-maf-category/food-navigation-category/baby-products/changing-bathing/diapers-wipes-diaper-cream/baby-diapers/fine-baby-jumbo-junior-bale-36x4/p/1838856,,,117.4,-1,unknown,-1,out_of_stock,5,,-1,-1.0,2022-04-01T19:22:18Z,2022-03-31T23:39:53Z,cc861280619dbd2fd9,Carrefouruae.com Wafi Mall,https://www.carrefouruae.com/,AE,AED,,Carrefour,,0,,,,,,,,,,,,
cd8a1e856199d62fd1,"Fine Baby Diaper Baby Green JUN, Size 6 Jumbo Pack MBG (Bale of 36x4) (UAE)",6251001307092,,199.5,Fine,False,area,UAE,category,Baby,product_range,"Baby Diaper Baby Green JUN, Size 6 Jumbo Pack MBG (Bale of 36x4)",d1810f847a9fcb26d0,https://www.carrefouruae.com/mafuae/en/root-maf-category/food-navigation-category/baby-products/changing-bathing/diapers-wipes-diaper-cream/baby-diapers/fine-baby-jumbo-junior-bale-36x4/p/1838856,,,117.4,-1,unknown,-1,out_of_stock,5,,-1,-1.0,2022-04-01T19:22:17Z,2022-03-31T23:39:54Z,cf861b80629dd621db,Carrefouruae.com Mall of the Emirates,https://www.carrefouruae.com/,AE,AED,,Carrefour,,0,,,,,,,,,,,,
c88a04886e99d62ed1,"Fine Baby Diapers Size 1 (2 - 5 kg) Newborn, 18 count, Travel pack - Fine Baby® with the NEW Double Lock leak barriers! (KSA)",6251001269475,,,Fine,False,area,KSA,category,Baby Diaper,form_factor,Travel pack,d1810a88799acd26dc,https://www.amazon.sa/dp/B07FPMRJY2/,https://www.amazon.sa/gp/offer-listing/B07FPMRJY2/,B07FPMRJY2,12.0,-1,unknown,-1,in_stock,1,direct,16,4.2,2022-04-01T19:31:07Z,2022-03-22T14:52:53Z,ba811084679fc122a5,Amazon.sa,https://www.amazon.sa/,SA,SAR,,,,,,,,,,,,,10.42,product_range,"Baby Diapers Size 1 (2 - 5 kg) Newborn, 18 count, Travel pack - Fine Baby® with the NEW Double Lock leak barriers!",
c88a04886e99d62ed1,"Fine Baby Diapers Size 1 (2 - 5 kg) Newborn, 18 count, Travel pack - Fine Baby® with the NEW Double Lock leak barriers! (KSA)",6251001269475,,,Fine,False,area,KSA,category,Baby Diaper,form_factor,Travel pack,d1810f86789cc526dd,https://www.carrefourksa.com/mafsau/ar/root-maf-category//baby-products/changing-bathing/diapers-wipes-diaper-cream/baby-diapers/fine-baby-diaper-new-born-14-4free/p/585390,,,10.95,-1,unknown,-1,in_stock,1,,-1,-1.0,2022-04-01T18:29:24Z,2022-04-01T12:29:00Z,ba861380619ad920c8,Carrefourksa.com,https://www.carrefourksa.com/,SA,SAR,,,,,,,,,,,,,10.42,product_range,"Baby Diapers Size 1 (2 - 5 kg) Newborn, 18 count, Travel pack - Fine Baby® with the NEW Double Lock leak barriers!",
c08a1389749dd722d1,"Fine Baby Diapers Size 1 (2 - 5 kg) Newborn, 21 count, Travel pack",6251001269635,,,Fine,False,category,Baby Diapers,form_factor,With The,product_range,"Baby Diapers Size 1 (2 - 5 kg) Newborn, 21 count, Travel pack",d1810f827d9cc421dc,https://www.amazon.eg/dp/B07BQWKS4K/,https://www.amazon.eg/gp/offer-listing/B07BQWKS4K/,B07BQWKS4K,38.85,65,unknown,-1,in_stock,1,no_winner,32,3.7,2022-04-01T17:21:31Z,2022-03-31T16:31:27Z,d88106890a99d921c4,Amazon.eg,https://www.amazon.eg/,EG,EGP,A10NKRMEYX5QLA,JossoorEdu-Joy,https://www.amazon.eg/gp/aag/main/ref=olp_merch_name?ie=UTF8&seller=A10NKRMEYX5QLA,0,65,,,,,,,,,,,38.85
c08a1389749dd722d1,"Fine Baby Diapers Size 1 (2 - 5 kg) Newborn, 21 count, Travel pack",6251001269635,,,Fine,False,category,Baby Diapers,form_factor,With The,product_range,"Baby Diapers Size 1 (2 - 5 kg) Newborn, 21 count, Travel pack",d18109837b97c82fd2,https://www.mumzworld.com/en/fine-baby-newborn-diapers-21-counts?queryId=e5a99b675375fd67dc48ec1d4fc3a58e&pos=1,,,8.0,-1,unknown,-1,out_of_stock,5,,-1,-1.0,2022-04-01T12:44:04Z,2022-03-27T19:33:39Z,d9837a857799c322c3,Mumzworld.com,http://www.mumzworld.com/,AE,AED,,,,,,,,,,,,,,,,38.85
c38a0789609dc322d5,"Fine Baby Diapers Size 2 (3-6 kg) Small, 40 count, economy pack",6251001263664,,,Fine,False,category,Baby Diapers,form_factor,With The,product_range,"Baby Diapers Size 2 (3-6 kg) Small, 40 count, economy pack",d1810f867c9ec925dc,https://www.noon.com/egypt-en/double-lock-technology-small-diapers-economy-pack-size-3-5-kgs-40-count/N20159453A/p/?o=e8a7fe2f24e866fb,,,75,-1,unknown,-1,in_stock,1,,-1,-1.0,2022-04-01T19:49:55Z,2022-04-01T13:49:19Z,c48111836c97d72ec0,Noon.com EG,https://www.noon.com/,EG,EGP,,,,,,,,,,,,,,,,78
c38a0789609dc322d5,"Fine Baby Diapers Size 2 (3-6 kg) Small, 40 count, economy pack",6251001263664,,,Fine,False,category,Baby Diapers,form_factor,With The,product_range,"Baby Diapers Size 2 (3-6 kg) Small, 40 count, economy pack",d1810f83739cce23dc,https://www.amazon.eg/dp/B07FPQBRPB/,https://www.amazon.eg/gp/offer-listing/B07FPQBRPB/,B07FPQBRPB,75,150,unknown,-1,in_stock,1,no_winner,8,4.8,2022-04-01T18:55:16Z,2022-03-31T23:14:44Z,d88106890a99d921c4,Amazon.eg,https://www.amazon.eg/,EG,EGP,A219PEW9WP7M5N,HealthTechGroup,https://www.amazon.eg/gp/aag/main/ref=olp_merch_name?ie=UTF8&seller=A219PEW9WP7M5N,0,150,,,,,,,,,,,78
d98a10896f9dd522d0,"Fine Baby Diapers Size 3 (4 - 9 kg) Medium, 64 count, Jumbo pack",6251001266177,,,Fine,False,category,Baby Diapers,form_factor,With The,product_range,"Baby Diapers Size 3 (4 - 9 kg) Medium, 64 count, Jumbo pack",d1810b887c96cd2fd7,https://www.noon.com/egypt-en/size-2-small-3-6-kg-jumbo-pack-64-count/N29833234A/p/?o=c32771a6990ff28a,,,-1,150,unknown,-1,marketplace_only,10,,-1,-1.0,2022-04-01T19:32:30Z,2022-03-24T14:33:01Z,c48111836c97d72ec0,Noon.com EG,https://www.noon.com/,EG,EGP,,,,,,,,,,,,,,,,121.6
d98a10896f9dd522d0,"Fine Baby Diapers Size 3 (4 - 9 kg) Medium, 64 count, Jumbo pack",6251001266177,,,Fine,False,category,Baby Diapers,form_factor,With The,product_range,"Baby Diapers Size 3 (4 - 9 kg) Medium, 64 count, Jumbo pack",d1810f837399c923dc,https://www.amazon.eg/dp/B07FPKSST7/,https://www.amazon.eg/gp/offer-listing/B07FPKSST7/,B07FPKSST7,126,164,unknown,-1,in_stock,1,no_winner,52,4.6,2022-04-01T19:07:48Z,2022-03-31T23:27:31Z,d88106890a99d921c4,Amazon.eg,https://www.amazon.eg/,EG,EGP,A47MZFIJS3BOU,سندس1_egy,https://www.amazon.eg/gp/aag/main/ref=olp_merch_name?ie=UTF8&seller=A47MZFIJS3BOU,0,164,,,,,,,,,,,121.6
d98a10896f9dd522d0,"Fine Baby Diapers Size 3 (4 - 9 kg) Medium, 64 count, Jumbo pack",6251001266177,,,Fine,False,category,Baby Diapers,form_factor,With The,product_range,"Baby Diapers Size 3 (4 - 9 kg) Medium, 64 count, Jumbo pack",d18003877c96c927d4,https://www.jumia.com.eg/diapers-jumbo-pack-size-3-64-diapers-fine-baby-mpg845338.html,,,-1,155,unknown,-1,in_stock,1,,2,3.0,2022-04-01T19:07:32Z,2022-03-20T11:08:44Z,ce8106836c97c32fc0,Jumia.com.eg,https://www.jumia.com.eg/,EG,EGP,,C&k,https://www.jumia.com.eg/ck-1568451632/,22.23,155,,,,,,,,,,,121.6
