id,name,ean,sku,msrps/AED,brand_name,competitor,attributes/0/name,attributes/0/values/0,attributes/1/name,attributes/1/values/0,attributes/2/name,attributes/2/values/0,msrps/SAR,attributes/3/name,attributes/3/values/0,msrps/EGP,msrps/JOD
c38a65857699dc2ed4,Fine Adult Diaper Care Large (Bale of 36x3) Marvel Export (UAE),6251001239133,,114.86,Fine,False,product_range,Adult Diaper Care Large (Bale of 36x3) Marvel Export,area,UAE,category,Adult,,,,,
c38b11810a99c120dd,Fine Adult Diaper Fine Care Large (Bale of 30x3),6251001239393,,,Fine,False,product_range,Adult Diaper Fine Care Large (Bale of 30x3),category,Fine Care,,,,,,,
ce8b1f816799c020dc,Fine Adult Diaper Fine Care Medium (Bale of 22x4),6251001216462,,,Fine,False,product_range,Adult Diaper Fine Care Medium (Bale of 22x4),category,Fine Care,,,,,,,
cc8b11816e99d621d5,Fine Adult Diaper Fine Care Small (Bale of 18x4),6251001216486,,,Fine,False,product_range,Adult Diaper Fine Care Small (Bale of 18x4),category,Fine Care,,,,,,,
c38a13856799d62fd6,"Fine Baby Diaper Baby Green JUN, Size 6 Jumbo Pack MBG - 36 diapers (UAE)",6251001263534,,49.88,Fine,False,product_range,"Baby Diaper Baby Green JUN, Size 6 Jumbo Pack MBG - 36 diapers",area,UAE,category,Baby,,,,,
cd8a1e856199d62fd1,"Fine Baby Diaper Baby Green JUN, Size 6 Jumbo Pack MBG (Bale of 36x4) (UAE)",6251001307092,,199.5,Fine,False,product_range,"Baby Diaper Baby Green JUN, Size 6 Jumbo Pack MBG (Bale of 36x4)",area,UAE,category,Baby,,,,,
c88a04886e99d62ed1,"Fine Baby Diapers Size 1 (2 - 5 kg) Newborn, 18 count, Travel pack - Fine Baby® with the NEW Double Lock leak barriers! (KSA)",6251001269475,,,Fine,False,product_range,"Baby Diapers Size 1 (2 - 5 kg) Newborn, 18 count, Travel pack - Fine Baby® with the NEW Double Lock leak barriers!",category,Baby Diaper,area,KSA,10.42,form_factor,Travel pack,,
c08a1389749dd722d1,"Fine Baby Diapers Size 1 (2 - 5 kg) Newborn, 21 count, Travel pack",6251001269635,,,Fine,False,product_range,"Baby Diapers Size 1 (2 - 5 kg) Newborn, 21 count, Travel pack",category,Baby Diapers,form_factor,With The,,,,38.85,
c38a0789609dc322d5,"Fine Baby Diapers Size 2 (3-6 kg) Small, 40 count, economy pack",6251001263664,,,Fine,False,product_range,"Baby Diapers Size 2 (3-6 kg) Small, 40 count, economy pack",form_factor,With The,category,Baby Diapers,,,,78,
d98a10896f9dd522d0,"Fine Baby Diapers Size 3 (4 - 9 kg) Medium, 64 count, Jumbo pack",6251001266177,,,Fine,False,product_range,"Baby Diapers Size 3 (4 - 9 kg) Medium, 64 count, Jumbo pack",category,Baby Diapers,form_factor,With The,,,,121.6,
c88a0689619ddc22dc,"Fine Baby Diapers Size 3 (4 - 9 kg) Medium, 84 count, Mega pack",6251001273052,,,Fine,False,product_range,"Baby Diapers Size 3 (4 - 9 kg) Medium, 84 count, Mega pack",category,Baby Diapers,form_factor,With The,,,,172.63,
cd8a1c89749dc122d4,"Fine Baby Diapers Size 3 (4-9 kg) Medium, 40 count, economy pack",6251001263688,,,Fine,False,product_range,"Baby Diapers Size 3 (4-9 kg) Medium, 40 count, economy pack",category,Baby Diapers,form_factor,With The,,,,86.8,
ce8a1c89769dd422d3,"Fine Baby Diapers Size 4 (7 - 14 kg) Large, 64 count, Jumbo pack",6251001266184,,,Fine,False,product_range,"Baby Diapers Size 4 (7 - 14 kg) Large, 64 count, Jumbo pack",category,Baby Diapers,form_factor,With The,,,,131.2,
ba8a1e896f9ddb23d5,"Fine Baby Diapers Size 4 (7 - 14 kg) Large, 84 count, Mega pack",6251001272826,,,Fine,False,product_range,"Baby Diapers Size 4 (7 - 14 kg) Large, 84 count, Mega pack",form_factor,With The,category,Baby Diapers,,,,345.26,
ba8a0789619dd522d7,"Fine Baby Diapers Size 4 (7-14 kg) Large, 40 count, economy pack",6251001263701,,,Fine,False,product_range,"Baby Diapers Size 4 (7-14 kg) Large, 40 count, economy pack",form_factor,With The,category,Baby Diapers,,,,86.8,
c88a06890a9dd922d6,"Fine Baby Diapers Size 5 (11 - 18 kg) Maxi, 40 count, Travel pack",6251001263725,,,Fine,False,product_range,"Baby Diapers Size 5 (11 - 18 kg) Maxi, 40 count, Travel pack",category,Baby Diapers,form_factor,With The,,,,98.8,
ba8a7a89639dd922dd,"Fine Baby Diapers Size 5 (11 - 18 kg) Maxi, 64 count, Travel pack",6251001272086,,,Fine,False,product_range,"Baby Diapers Size 5 (11 - 18 kg) Maxi, 64 count, Travel pack",form_factor,With The,category,Baby Diapers,,,,152.57,
ce8a1789629dc323d4,"Fine Baby Diapers Size 5 (11 - 18 kg) Maxi, 84 count, Mega pack",6251001273045,,,Fine,False,product_range,"Baby Diapers Size 5 (11 - 18 kg) Maxi, 84 count, Mega pack",category,Baby Diapers,form_factor,With The,,,,197.4,
cc8a1189609ddc22d2,"Fine Baby Diapers Size 6 (Junior 16kg +) Max, 64 count, Jumbo pack",6251001266191,,,Fine,False,product_range,"Baby Diapers Size 6 (Junior 16kg +) Max, 64 count, Jumbo pack",category,Baby Diapers,form_factor,With The,,,,131.2,
a58a06857796d827d3,"Fine Baby Diapers, DoubleLock Technology, Size 2, Small 3–6kg, 40 Diapers (UAE)",6251001263275,,29.7,Fine,False,product_range,"Baby Diapers, DoubleLock Technology, Size 2, Small 3–6kg, 40 Diapers",area,UAE,category,Baby,,,,,
a58a1e856196d527dc,"Fine Baby Diapers, DoubleLock Technology, Size 3, Medium 4-9kg, Travel Pack, 13 Diapers (UAE)",6251001272376,,13.28,Fine,False,product_range,"Baby Diapers, DoubleLock Technology, Size 3, Medium 4-9kg, Travel Pack, 13 Diapers",area,UAE,category,Baby,,,,,
db8a12856796dc27d2,"Fine Baby Diapers, DoubleLock Technology, Size 4, Large 7-14kg, Travel Pack, 12 Diapers (UAE)",6251001272390,,13.28,Fine,False,product_range,"Baby Diapers, DoubleLock Technology, Size 4, Large 7-14kg, Travel Pack, 12 Diapers",area,UAE,category,Baby,,,,,
a58a65856c96c326d0,"Fine Baby Diapers, DoubleLock Technology, Size 5, Maxi 11-18kg, Mega Pack, 140 Diapers (UAE)",6251001272352,,140.08,Fine,False,product_range,"Baby Diapers, DoubleLock Technology, Size 5, Maxi 11-18kg, Mega Pack, 140 Diapers",area,UAE,category,Baby,,,,,
cf8a13856f96c026d3,"Fine Baby Diapers, DoubleLock Technology, Size 5, Maxi 11-18kg, Mega Pack, 70 Diapers (UAE)",6251001272192,,70.04,Fine,False,product_range,"Baby Diapers, DoubleLock Technology, Size 5, Maxi 11-18kg, Mega Pack, 70 Diapers",area,UAE,category,Baby,,,,,
ce8a1b856196d727dd,"Fine Baby Diapers, DoubleLock Technology, Size 5, Maxi 11-18kg, Travel Pack, 11 Diapers (UAE)",6251001272253,,13.28,Fine,False,product_range,"Baby Diapers, DoubleLock Technology, Size 5, Maxi 11-18kg, Travel Pack, 11 Diapers",area,UAE,category,Baby,,,,,
d98a17856f96d427d7,"Fine Baby Diapers, Size 1, Newborn of 21 diapers (UAE)",6251001263251,,12.99,Fine,False,product_range,"Baby Diapers, Size 1, Newborn of 21 diapers",area,UAE,category,Baby,,,,,
c88a1b856096bd27d0,"Fine Baby Diapers, Size 2, Small 3-6 Kgs, Jumbo Pack, 204 total count (UAE)",6251001272338,,128.91,Fine,False,product_range,"Baby Diapers, Size 2, Small 3-6 Kgs, Jumbo Pack, 204 total count",area,UAE,category,Baby,,,,,
cd8a06851596c327d6,"Fine Baby Diapers, Size 2, Small 3–6kg, Economy Pack of 18 diapers (UAE)",6251001269512,,13.94,Fine,False,product_range,"Baby Diapers, Size 2, Small 3–6kg, Economy Pack of 18 diapers",area,UAE,category,Baby,,,,,
a58a1c857496d827d1,"Fine Baby Diapers, Size 2, Small 3–6kg, Jumbo Pack of 68 diapers (UAE)",6251001272161,,44.47,Fine,False,product_range,"Baby Diapers, Size 2, Small 3–6kg, Jumbo Pack of 68 diapers",area,UAE,category,Baby,,,,,
d88a11851596d726d2,"Fine Baby Diapers, Size 3, Medium 4–9kg, Economy Pack of 36 diapers (UAE)",6251001263299,,29.7,Fine,False,product_range,"Baby Diapers, Size 3, Medium 4–9kg, Economy Pack of 36 diapers",area,UAE,category,Baby,,,,,
c08a04857696db26dc,"Fine Baby Diapers, Size 3, Medium 4–9kg, Jumbo Pack of 52 diapers (UAE)",6251001272178,,47.98,Fine,False,product_range,"Baby Diapers, Size 3, Medium 4–9kg, Jumbo Pack of 52 diapers",area,UAE,category,Baby,,,,,
c38a07856e96d426dd,"Fine Baby Diapers, Size 3, Medium 4–9kg, Jumbo Pack, 3 packs of 52 diapers, 156 total count (UAE)",6251001272345,,140.46,Fine,False,product_range,"Baby Diapers, Size 3, Medium 4–9kg, Jumbo Pack, 3 packs of 52 diapers, 156 total count",category,Baby,area,UAE,,,,,
c38a1e850a96c327d4,"Fine Baby Diapers, Size 3, Medium 4–9kg, Mega Pack of 84 diapers (UAE)",6251001269390,,76.05,Fine,False,product_range,"Baby Diapers, Size 3, Medium 4–9kg, Mega Pack of 84 diapers",area,UAE,category,Baby,,,,,
cf8a12857696db27d5,"Fine Baby Diapers, Size 3, Medium 4–9kg, Mega Pack, 2 packs of 84 diapers, 168 total count (UAE)",6251001269277,,140.08,Fine,False,product_range,"Baby Diapers, Size 3, Medium 4–9kg, Mega Pack, 2 packs of 84 diapers, 168 total count",category,Baby,area,UAE,,,,,
a58a1c851599d42fd2,"Fine Baby Diapers, Size 4, Large 7–14kg, Economy Pack of 30 diapers (UAE)",6251001263312,,29.7,Fine,False,product_range,"Baby Diapers, Size 4, Large 7–14kg, Economy Pack of 30 diapers",area,UAE,category,Baby,,,,,
c18a65857799d62fdc,"Fine Baby Diapers, Size 4, Large 7–14kg, Jumbo Pack of 48 diapers (UAE)",6251001263497,,47.98,Fine,False,product_range,"Baby Diapers, Size 4, Large 7–14kg, Jumbo Pack of 48 diapers",category,Baby,area,UAE,,,,,
c18a06856f99db2fdd,"Fine Baby Diapers, Size 4, Large 7–14kg, Jumbo Pack, 3 packs of 48 diapers, 144 total count (UAE)",6251001263503,,140.53,Fine,False,product_range,"Baby Diapers, Size 4, Large 7–14kg, Jumbo Pack, 3 packs of 48 diapers, 144 total count",area,UAE,category,Baby,,,,,
cf8a1c856196d626d4,"Fine Baby Diapers, Size 4, Large 7–14kg, Mega Pack of 74 diapers (UAE)",6251001269406,,76.05,Fine,False,product_range,"Baby Diapers, Size 4, Large 7–14kg, Mega Pack of 74 diapers",area,UAE,category,Baby,,,,,
c38a11856796bd26d5,"Fine Baby Diapers, Size 4, Large 7–14kg, Mega Pack, 2 packs of 74 diapers, 148 total count (UAE)",6251001269284,,140.08,Fine,False,product_range,"Baby Diapers, Size 4, Large 7–14kg, Mega Pack, 2 packs of 74 diapers, 148 total count",area,UAE,category,Baby,,,,,
d88a65856f96d426d7,"Fine Baby Diapers, Size 5, Maxi 11–18kg, Economy Pack of 26 diapers (UAE)",6251001263336,,29.7,Fine,False,product_range,"Baby Diapers, Size 5, Maxi 11–18kg, Economy Pack of 26 diapers",area,UAE,category,Baby,,,,,
db8a7a856196d926d1,"Fine Baby Diapers, Size 5, Maxi 11–18kg, Jumbo Pack of 44 diapers (UAE)",6251001263510,,47.98,Fine,False,product_range,"Baby Diapers, Size 5, Maxi 11–18kg, Jumbo Pack of 44 diapers",area,UAE,category,Baby,,,,,
db8a11856e96c026d6,"Fine Baby Diapers, Size 5, Maxi 11–18kg, Jumbo Pack, 3 packs of 44 diapers, 132 total count (UAE)",6251001263527,,140.53,Fine,False,product_range,"Baby Diapers, Size 5, Maxi 11–18kg, Jumbo Pack, 3 packs of 44 diapers, 132 total count",area,UAE,category,Baby,,,,,
d88a06856b99d82fd7,"Fine Baby Diapers, Size 6, Junior 16+ kg, Economy Pack of 24 diapers (UAE)",6251001263350,,29.7,Fine,False,product_range,"Baby Diapers, Size 6, Junior 16+ kg, Economy Pack of 24 diapers",area,UAE,category,Baby,,,,,
c08a07856799c32fd3,"Fine Baby Diapers, Size 6, Junior 16+ kg, Mega Pack of 66 diapers (UAE)",6251001272208,,70.33,Fine,False,product_range,"Baby Diapers, Size 6, Junior 16+ kg, Mega Pack of 66 diapers",area,UAE,category,Baby,,,,,
d98a07857499d92fd0,"Fine Baby Diapers, Size 6, Junior 16+ kg, Mega Pack, 3 packs of 66 diapers, 198 total count (UAE)",6251001308112,,210.99,Fine,False,product_range,"Baby Diapers, Size 6, Junior 16+ kg, Mega Pack, 3 packs of 66 diapers, 198 total count",area,UAE,category,Baby,,,,,
cd8a11856b97d626d6,"Fine Baby, Wet Wipes Baby 054 Sheets 1 Ply2+1 free (Carton of 03x4) (UAE)",6251001225181,,21.6,Fine,False,product_range,"Baby, Wet Wipes Baby 054 Sheets 1 Ply2+1 free (Carton of 03x4)",area,UAE,category,Wet Wipes,,,,,
ba8a11856397c026d4,"Fine Baby, Wet Wipes, with Aloe Vera & Chamomile Lotion, 22 wipes (UAE)",6251001225143,,4.51,Fine,False,product_range,"Baby, Wet Wipes, with Aloe Vera & Chamomile Lotion, 22 wipes",area,UAE,category,Wet Wipes,,,,,
c48a1e856197d526d7,"Fine Baby, Wet Wipes, with Aloe Vera & Chamomile Lotion, 54 wipes (UAE)",6251001225167,,10.8,Fine,False,product_range,"Baby, Wet Wipes, with Aloe Vera & Chamomile Lotion, 54 wipes",area,UAE,category,Wet Wipes,,,,,
d88a1e856b99bd21d7,"Fine Care Incontinence Unisex Briefs, Large, Waist (110 -156 cm), Pack of 18 (UAE)",6251001216387,,73.2,Fine,False,product_range,"Care Incontinence Unisex Briefs, Large, Waist (110 -156 cm), Pack of 18",area,UAE,category,Adult,,,,,
d98a17850a99d42ed7,"Fine Care Incontinence Unisex Briefs, Large, Waist (110 -156 cm), Pack of 18 X 4 (UAE)",6251001309010,,299.49,Fine,False,product_range,"Care Incontinence Unisex Briefs, Large, Waist (110 -156 cm), Pack of 18 X 4",category,Adult,area,UAE,,,,,
c08a12851599c32fd4,"Fine Care Incontinence Unisex Briefs, Large, Waist (110 -156 cm), Pack of 36  X 3 (UAE)",6251001309072,,344.59,Fine,False,product_range,"Care Incontinence Unisex Briefs, Large, Waist (110 -156 cm), Pack of 36  X 3",area,UAE,category,Adult,,,,,
ba8a11856799d82edc,"Fine Care Incontinence Unisex Briefs, Large, Waist (110 -156 cm), Pack of 9  X 4 (UAE)",6251001309058,,154.21,Fine,False,product_range,"Care Incontinence Unisex Briefs, Large, Waist (110 -156 cm), Pack of 9  X 4",area,UAE,category,Adult,,,,,
c88a11856b99d42edd,"Fine Care Incontinence Unisex Briefs, Medium, Waist (75-110 cm), Pack of 11 X 4 (UAE)",6251001309041,,154.21,Fine,False,product_range,"Care Incontinence Unisex Briefs, Medium, Waist (75-110 cm), Pack of 11 X 4",area,UAE,category,Adult,,,,,
c08a65857699d621d6,"Fine Care Incontinence Unisex Briefs, Medium, Waist (75-110 cm), Pack of 22 (UAE)",6251001216400,,73.46,Fine,False,product_range,"Care Incontinence Unisex Briefs, Medium, Waist (75-110 cm), Pack of 22",area,UAE,category,Adult,,,,,
cc8a1f857499db2ed6,"Fine Care Incontinence Unisex Briefs, Medium, Waist (75-110 cm), Pack of 22 X 4 (UAE)",6251001309027,,299.49,Fine,False,product_range,"Care Incontinence Unisex Briefs, Medium, Waist (75-110 cm), Pack of 22 X 4",area,UAE,category,Adult,,,,,
c38a17856299d62fd5,"Fine Care Incontinence Unisex Briefs, Medium, Waist (75-110 cm), Pack of 44 X 3 (UAE)",6251001309065,,344.59,Fine,False,product_range,"Care Incontinence Unisex Briefs, Medium, Waist (75-110 cm), Pack of 44 X 3",area,UAE,category,Adult,,,,,
c48a1c857499d92ed1,"Fine Care Incontinence Unisex Briefs, Small, Waist (51-75 cm), Pack of 18 X 4 (UAE)",6251001309034,,212.52,Fine,False,product_range,"Care Incontinence Unisex Briefs, Small, Waist (51-75 cm), Pack of 18 X 4",category,Adult,area,UAE,,,,,
c88a11856099a221d1,"Fine Care Incontinence Unisex Briefs, Waist (51 - 75 cm), Small, pack of 18 (UAE)",6251001216424,,53.13,Fine,False,product_range,"Care Incontinence Unisex Briefs, Waist (51 - 75 cm), Small, pack of 18",area,UAE,category,Adult,,,,,
cc8a12857499bd2ed0,"Fine Care Incontinence Unisex Pull-Ups, Large (Waist 100 - 140 CM) - Pack of 14 X 6 (UAE)",6251001239034,,408.51,Fine,False,product_range,"Care Incontinence Unisex Pull-Ups, Large (Waist 100 - 140 CM) - Pack of 14 X 6",area,UAE,category,Adult,,,,,
ba8a7a856399d02ed3,"Fine Care Incontinence Unisex Pull-Ups, Medium (Waist 80 - 110 CM) - Pack of 14 X 6 (UAE)",6251001239010,,382.97,Fine,False,product_range,"Care Incontinence Unisex Pull-Ups, Medium (Waist 80 - 110 CM) - Pack of 14 X 6",category,Adult,area,UAE,,,,,
c38a7a856099d621d0,"Fine Care Incontinence Unisex Pull-ups, Waist (100 - 140 cm), Large, pack of 14 (UAE)",6251001239027,,68.15,Fine,False,product_range,"Care Incontinence Unisex Pull-ups, Waist (100 - 140 cm), Large, pack of 14",area,UAE,category,Adult,,,,,
cc8a17856099c021d3,"Fine Care Incontinence Unisex Pull-ups, Waist (80 - 110 cm), Medium, pack of 14 (UAE)",6251001216509,,63.53,Fine,False,product_range,"Care Incontinence Unisex Pull-ups, Waist (80 - 110 cm), Medium, pack of 14",area,UAE,category,Adult,,,,,
c88a1c856f99d521dc,"Fine Care Incontinence Unisex, Waist (110 - 156 cm), Large, pack of 9 (UAE)",6251001216394,,39.13,Fine,False,product_range,"Care Incontinence Unisex, Waist (110 - 156 cm), Large, pack of 9",area,UAE,category,Adult,,,,,
d98a07856299d621dd,"Fine Care Incontinence Unisex, Waist (75 - 110 cm), Medium, pack of 11 (UAE)",6251001216417,,38.35,Fine,False,product_range,"Care Incontinence Unisex, Waist (75 - 110 cm), Medium, pack of 11",area,UAE,category,Adult,,,,,
ce8a11857799dc2ed5,"Fine Care Incontinence Unisex, Waist (75 - 110 cm), Medium, pack of 44 (UAE)",6251001239157,,114.86,Fine,False,product_range,"Care Incontinence Unisex, Waist (75 - 110 cm), Medium, pack of 44",area,UAE,category,Adult,,,,,
c48a13857499d02ed2,Fine Care underpads ultrasoft size 60 x 90 cm - 20 disposale underpads X 4 (UAE),6251001239294,,166.32,Fine,False,product_range,Care underpads ultrasoft size 60 x 90 cm - 20 disposale underpads X 4,area,UAE,category,Adult,,,,,
cf8a1f856199c321d2,"Fine Care, Disposable Underpads, Ultrasoft Cloth-Like Top, Size 60 x 90 cm, pack of 20 (UAE)",6251001239188,,41.58,Fine,False,product_range,"Care, Disposable Underpads, Ultrasoft Cloth-Like Top, Size 60 x 90 cm, pack of 20",area,UAE,category,Adult,,,,,
c38b13816796d922dc,Fine Diapers - Fine Baby - 30 Diapers,6251001143027,,,Fine,False,product_range,Diapers - Fine Baby - 30 Diapers,category,Diapers,,,,,,,1.75
c38b1e817796d623d7,Fine Diapers - Fine Baby - Jumbo - Large - 44 Diapers,6251001269925,,,Fine,False,product_range,Diapers - Fine Baby - Jumbo - Large - 44 Diapers,category,Diapers,,,,,,,4.99
ce8b17810a96d823d6,Fine Diapers - Fine Baby - Jumbo - Maxi - 40 Diapers,6251001269932,,,Fine,False,product_range,Diapers - Fine Baby - Jumbo - Maxi - 40 Diapers,category,Diapers,,,,,,,4.99
c18b1c816196bd23d4,Fine Diapers - Fine Baby - Jumbo - Medium - 48 Diapers,6251001269918,,,Fine,False,product_range,Diapers - Fine Baby - Jumbo - Medium - 48 Diapers,category,Diapers,,,,,,,4.99
c08b12816396c023d5,Fine Diapers - Fine Baby - Jumbo - Small - 60 Diapers,6251001269901,,,Fine,False,product_range,Diapers - Fine Baby - Jumbo - Small - 60 Diapers,category,Diapers,,,,,,,4.99
ba8a7a89639ac323d0,Fine Face Mask Fine Guard Comfort Kids Blue Small (UAE),6251001317916,,,Fine,False,product_range,Face Mask Fine Guard Comfort Kids Blue Small,area,UAE,category,Face Guard,,,,,
c48a1c89769ad923d1,Fine Face Mask Fine Guard Comfort Kids Pink Small (UAE),6251001317923,,,Fine,False,product_range,Face Mask Fine Guard Comfort Kids Pink Small,area,UAE,category,Face Guard,,,,,
ba8a12857696c023d6,Fine Face Mask Guard Comfort Kids Green Small (UAE),6251001317770,,,Fine,False,product_range,Face Mask Guard Comfort Kids Green Small,area,UAE,category,Fine Guard,,,,,
ce8a06856396bd23d7,Fine Face Mask Guard Comfort Kids Orange Small (UAE),6251001317794,,,Fine,False,product_range,Face Mask Guard Comfort Kids Orange Small,area,UAE,category,Fine Guard,,,,,
c08a7a856196d423d0,Fine Face Mask Guard Large (Carton of 01x40) Slim (UAE),6251001317329,,,Fine,False,product_range,Face Mask Guard Large (Carton of 01x40) Slim,area,UAE,category,Fine Guard,,,,,
c08a17856296c123d1,Fine Face Mask Guard Medium (Carton of 01x40) Slim (UAE),6251001317350,,,Fine,False,product_range,Face Mask Guard Medium (Carton of 01x40) Slim,area,UAE,category,Fine Guard,,,,,
c08b1b816796c024d5,Fine Facial Tissue - Fine Classic Qubic - 75 Sheets - 2 ply - Colored,6251001219807,,,Fine,False,product_range,Facial Tissue - Fine Classic Qubic - 75 Sheets - 2 ply - Colored,category,Facial tissue,,,,,,,0.99
db8a0789679dd826dc,Fine Facial tissue box 200pulls,6251001210217,,,Fine,False,product_range,Facial tissue box 200pulls,category,Facial,form_factor,Classic,,,,7.75,
d88a1f89749dd627d5,"Fine Facial tissue box 200pulls, bundle of 4",6251001300116,,,Fine,False,product_range,"Facial tissue box 200pulls, bundle of 4",category,Facial,form_factor,Classic,,,,30,
cd8a1c89749dc027d4,Fine Facial tissue box 300pulls,6251001210316,,,Fine,False,product_range,Facial tissue box 300pulls,category,Facial,form_factor,Classic,,,,11.5,
c38a11896e9dbd24d7,Fine Facial tissue box 400 pulls 6251001300987,6251001300987,,,Fine,False,product_range,Facial tissue box 400 pulls,category,Facial,form_factor,Fluffy,,,,11,
cf8a0789679ddc24d4,Fine Facial tissue box 400 pulls 6251001301007,6251001301007,,,Fine,False,product_range,Facial tissue box 400 pulls,category,Facial,form_factor,Fluffy,,,,11,
ba8a1c89609dc124d1,"Fine Facial tissue box 400 pulls, bundle of 4 6251001301823",6251001301823,,,Fine,False,product_range,"Facial tissue box 400 pulls, bundle of 4",category,Facial,form_factor,Fluffy,,,,42.68,
cf8a1c89619ddc24d6,"Fine Facial tissue box 400 pulls, bundle of 4 6251001301830",6251001301830,,,Fine,False,product_range,"Facial tissue box 400 pulls, bundle of 4",form_factor,Fluffy,category,Facial,,,,42.68,
cc8a1b89609ddb27d7,Fine Facial tissue box 600 pulls,6251001246636,,,Fine,False,product_range,Facial tissue box 600 pulls,category,Facial,form_factor,Classic,,,,23,
c08a1b886199d02ed3,"Fine Facial tissue box 80 sheets X 2 ply, bundle of 6x6 boxes - Fine® sterilized tissues for germ protection. (KSA)",6251001301465,,,Fine,False,product_range,"Facial tissue box 80 sheets X 2 ply, bundle of 6x6 boxes - Fine® sterilized tissues for germ protection.",area,KSA,form_factor,Classic,93.75,category,Facial,,
c48a10886299d62ed2,"Fine Facial tissue box 80 sheets X 2 ply, bundle of 7+3 FREE boxes - Fine® sterilized tissues for germ protection. (KSA)",6251001301540,,,Fine,False,product_range,"Facial tissue box 80 sheets X 2 ply, bundle of 7+3 FREE boxes - Fine® sterilized tissues for germ protection.",category,Facial,area,KSA,23.75,form_factor,Classic,,
ba8a10880a99c12edd,"Fine Facial tissue box 86 sheets X 2 ply, bundle of 10+4 FREE boxes - Fine® sterilized tissues for germ protection. (KSA)",6251001301113,,,Fine,False,product_range,"Facial tissue box 86 sheets X 2 ply, bundle of 10+4 FREE boxes - Fine® sterilized tissues for germ protection.",category,Facial,area,KSA,29.38,form_factor,Classic,,
cd8a1b886199c12ed0,"Fine Facial tissue box 86 sheets X 2 ply, bundle of 4 + 2 FREE boxes - Fine® sterilized tissues for germ protection. (KSA)",6251001301458,,,Fine,False,product_range,"Facial tissue box 86 sheets X 2 ply, bundle of 4 + 2 FREE boxes - Fine® sterilized tissues for germ protection.",category,Facial,area,KSA,15.63,form_factor,Classic,,
cd8a1f890a9da226d2,Fine Facial tissue soft pack 10 sheets X 3 ply,6251001214628,,,Fine,False,product_range,Facial tissue soft pack 10 sheets X 3 ply,category,Pocket,form_factor,Pocket,,,,8,
c88a06880a99c02fd3,Fine Facial tissue soft pack 10 sheets X 3 ply (KSA),6251001213041,,,Fine,False,product_range,Facial tissue soft pack 10 sheets X 3 ply,area,KSA,form_factor,Pocket,13.5,category,Pocket,,
c88a65886299bd2fd6,Fine Facial tissue soft pack 10 sheets x 5 Rangoli -Nylon  10x5 - Fine® Smile sterilized tissues for germ protection. (KSA),6251001300741,,,Fine,False,product_range,Facial tissue soft pack 10 sheets x 5 Rangoli -Nylon  10x5 - Fine® Smile sterilized tissues for germ protection.,category,Facial,area,KSA,31,form_factor,Smile,,
ce8a1789749dd626dd,Fine Facial tissue soft pack 100 sheets X 3 ply,6251001214475,,,Fine,False,product_range,Facial tissue soft pack 100 sheets X 3 ply,category,Pocket,form_factor,Pocket,,,,6,
c08a1289679ddb27dd,Fine Facial tissue soft pack 125 sheets X 2 Ply,6251001218824,,,Fine,False,product_range,Facial tissue soft pack 125 sheets X 2 Ply,form_factor,Classic,category,Facial,,,,9.75,
cd8a65886399d02edc,"Fine Facial tissue soft pack 130 sheets X 2 Ply, bundle of 10- Fine® fluffy sterilized tissues for germ protection. 6251001218633 (KSA)",6251001218633,,,Fine,False,product_range,"Facial tissue soft pack 130 sheets X 2 Ply, bundle of 10- Fine® fluffy sterilized tissues for germ protection.",form_factor,Fluffy,category,Facial,23.75,area,KSA,,
cd8a17886c99d72fd5,"Fine Facial tissue soft pack 130 sheets X 2 Ply, bundle of 10- Fine® fluffy sterilized tissues for germ protection. 6251001218640 (KSA)",6251001218640,,,Fine,False,product_range,"Facial tissue soft pack 130 sheets X 2 Ply, bundle of 10- Fine® fluffy sterilized tissues for germ protection.",category,Facial,area,KSA,118.75,form_factor,Fluffy,,
cd8a17886199d42fd4,"Fine Facial tissue soft pack 130 sheets X 2 Ply, Bundle of 12 + 2 FREE = 14. Fine® fluffy sterilized tissues for germ protection. (KSA)",6251001301090,,,Fine,False,product_range,"Facial tissue soft pack 130 sheets X 2 Ply, Bundle of 12 + 2 FREE = 14. Fine® fluffy sterilized tissues for germ protection.",category,Facial,form_factor,Fluffy,38,area,KSA,,
ce8a04886199c12fd7,Fine Facial tissue soft pack 160 sheets X 2 Ply bundle of 10 - Fine® Nawras sterilized tissues for germ protection. (KSA),6251001219395,,,Fine,False,product_range,Facial tissue soft pack 160 sheets X 2 Ply bundle of 10 - Fine® Nawras sterilized tissues for germ protection.,category,Facial,area,KSA,23.75,form_factor,Nawras,,
ba8a07896e9dbd27dc,Fine Facial tissue soft pack 400 pulls 6251001217605,6251001217605,,,Fine,False,product_range,Facial tissue soft pack 400 pulls,category,Facial,form_factor,Fluffy,,,,9,
c38a1189769dd424d5,Fine Facial tissue soft pack 400 pulls 6251001217766,6251001217766,,,Fine,False,product_range,Facial tissue soft pack 400 pulls,category,Facial,form_factor,Fluffy,,,,36,
c48a1189769dd827d3,Fine Facial tissue soft pack 550 pulls 6251001217872,6251001217872,,,Fine,False,product_range,Facial tissue soft pack 550 pulls,form_factor,Classic,category,Facial,,,,15,
cf8a0489769dd427d2,Fine Facial tissue soft pack 550 pulls 6251001218008,6251001218008,,,Fine,False,product_range,Facial tissue soft pack 550 pulls,category,Facial,form_factor,Classic,,,,44,
c88a6589609ddc27d1,Fine Facial tissue soft pack 550 pulls 6251001246643,6251001246643,,,Fine,False,product_range,Facial tissue soft pack 550 pulls,form_factor,Fluffy,category,Facial,,,,31.02,
ba8a12896e9dd027d6,Fine Facial tissue soft pack 550 pulls 6251001246667,6251001246667,,,Fine,False,product_range,Facial tissue soft pack 550 pulls,category,Facial,form_factor,Fluffy,,,,10.34,
db8a0789639dd727d0,Fine Facial tissue soft pack 60 sheets X 2 Ply,6223000956359,,,Fine,False,product_range,Facial tissue soft pack 60 sheets X 2 Ply,category,Facial,form_factor,Fluffy,,,,13.25,
c08a10850a96d025d2,Fine Facial Tissue Wellness Scents Spiritual Silver Oud - Cubic 100 X 2ply – Pack of 48 (UAE),6251001210675,,160.75,Fine,False,product_range,Facial Tissue Wellness Scents Spiritual Silver Oud - Cubic 100 X 2ply – Pack of 48,area,UAE,category,Facial,,,,,
c18a1c857796d625d0,Fine Facial Tissue Wellness Scents Spiritual Silver Oud - Cubic 100 X 2ply (UAE),6251001210552,,3.35,Fine,False,product_range,Facial Tissue Wellness Scents Spiritual Silver Oud - Cubic 100 X 2ply,area,UAE,category,Facial,,,,,
ba8b11816796dc24d0,Fine Facial Tissues - Fine  Smile - 100 Sheets - 2 Ply - 6 Packs,6251001110289,,,Fine,False,product_range,Facial Tissues - Fine  Smile - 100 Sheets - 2 Ply - 6 Packs,category,Facial tissue,,,,,,,2.49
ce8b07816096d624d7,Fine Facial Tissues - Fine Classic - 100 Sheets - 2 Ply - 5 + 1 Packs,6251001219760,,,Fine,False,product_range,Facial Tissues - Fine Classic - 100 Sheets - 2 Ply - 5 + 1 Packs,category,Facial tissue,,,,,,,3.49
d98b11817796a224d4,Fine Facial Tissues - Fine Classic - 100 Sheets - 2 Ply - 6 Packs,6251001110272,,,Fine,False,product_range,Facial Tissues - Fine Classic - 100 Sheets - 2 Ply - 6 Packs,category,Facial tissue,,,,,,,3.99
cc8b11811596d824d1,Fine Facial Tissues - Fine Classic - 150 Sheets - 2 Ply - 4 Packs,6251001211313,,,Fine,False,product_range,Facial Tissues - Fine Classic - 150 Sheets - 2 Ply - 4 Packs,category,Facial tissue,,,,,,,3.49
c38b13816096a225d6,Fine Facial Tissues - Fine Classic - 150X2 Plies - 4 Pack of Classic +1 Pack Vanilla Lavendar (Carton of 05x6),6251001301632,,,Fine,False,product_range,Facial Tissues - Fine Classic - 150X2 Plies - 4 Pack of Classic +1 Pack Vanilla Lavendar (Carton of 05x6),category,Facial tissue,,,,,,,3.49
c38b65817796d724dd,Fine Facial Tissues - Fine Classic - 200 Sheets - 2 Ply - 3 Packs,6251001218152,,,Fine,False,product_range,Facial Tissues - Fine Classic - 200 Sheets - 2 Ply - 3 Packs,category,Facial tissue,,,,,,,1.99
cf8b65816196d524d2,Fine Facial Tissues - Fine Classic - 200 Sheets - 2 Ply - 8 Packs,6251001218091,,,Fine,False,product_range,Facial Tissues - Fine Classic - 200 Sheets - 2 Ply - 8 Packs,category,Facial tissue,,,,,,,4.99
c08b10817496bd24d6,Fine Facial Tissues - Fine Classic - 300 Sheets - 2 Ply,6251001210941,,,Fine,False,product_range,Facial Tissues - Fine Classic - 300 Sheets - 2 Ply,category,Facial tissue,,,,,,,0.99
cf8b11810a96d824dc,Fine Facial Tissues - Fine Fluffy - 180 Sheets - 2 Ply - 10 Packs,6251001246346,,,Fine,False,product_range,Facial Tissues - Fine Fluffy - 180 Sheets - 2 Ply - 10 Packs,category,Facial tissue,,,,,,,4.49
ba8b11816f96bd25d5,Fine Facial Tissues - Fine Fluffy - 226 Sheets - 2 Ply - 3 Packs,6251001300024,,,Fine,False,product_range,Facial Tissues - Fine Fluffy - 226 Sheets - 2 Ply - 3 Packs,category,Facial tissue,,,,,,,1.99
ce8b65816396dc24d3,Fine Facial Tissues - Fine Smile - 150 Sheets - 2 Ply,6251001110326,,,Fine,False,product_range,Facial Tissues - Fine Smile - 150 Sheets - 2 Ply,category,Facial tissue,,,,,,,0.75
cd8b1e817796db25d0,Fine Facial Tissues - Lido - 140 Sheets - 2 Ply - 3 Packs,6251001215748,,,Fine,False,product_range,Facial Tissues - Lido - 140 Sheets - 2 Ply - 3 Packs,category,Facial tissue,,,,,,,0.99
d98b1f816296d725d4,Fine Facial Tissues - Wellness Scents - Relax-Vanilla Lavender - (Bale of 150*10),6251001300390,,,Fine,False,product_range,Facial Tissues - Wellness Scents - Relax-Vanilla Lavender - (Bale of 150*10),category,Facial tissue,,,,,,,0.99
d98b1b816196d425d7,Fine Facial Tissues - Wellness Scents - Spiritual-Silver Oud (Carton of 120*3*10),6251001300345,,,Fine,False,product_range,Facial Tissues - Wellness Scents - Spiritual-Silver Oud (Carton of 120*3*10),category,Facial tissue,,,,,,,2.49
c38a1e856196d624dd,Fine Facial Tissues Classic 150X2 Plies - (Carton of 18x1) Marvel Original Pack (UAE),6251001300581,,3.15,Fine,False,product_range,Facial Tissues Classic 150X2 Plies - (Carton of 18x1) Marvel Original Pack,area,UAE,category,Facial,,,,,
c38a11856796d922d4,Fine Facial Tissues Classic 150X2 Plies - 5 Packs of Mazaj + 1 Pack of Silver Oud (Carton of 06x6) SBOD W2 (UAE),6251001301687,,22.05,Fine,False,product_range,Facial Tissues Classic 150X2 Plies - 5 Packs of Mazaj + 1 Pack of Silver Oud (Carton of 06x6) SBOD W2,area,UAE,category,Facial,,,,,
a58a1b856096d025d4,Fine Facial Tissues Classic 150X2 Plies (Carton of 03x8) Marvel Variety SBOD (UAE),6251001211900,,,Fine,False,product_range,Facial Tissues Classic 150X2 Plies (Carton of 03x8) Marvel Variety SBOD,area,UAE,category,Facial,,,,,
c48a11856e96db22d7,Fine Facial Tissues Classic 150X2 Plies 6+2 (Carton of 08x3) SBOD W2 Variety 6251001301731 (UAE),6251001301731,,28.6,Fine,False,product_range,Facial Tissues Classic 150X2 Plies 6+2 (Carton of 08x3) SBOD W2 Variety,area,UAE,category,Facial,,,,,
d88a1e856197c326d0,Fine Facial Tissues Classic 150X2 Plies 6+2 (Carton of 08x3) SBOD W2 Variety 6251001301748 (UAE),6251001301748,,85.81,Fine,False,product_range,Facial Tissues Classic 150X2 Plies 6+2 (Carton of 08x3) SBOD W2 Variety,area,UAE,category,Facial,,,,,
c88a13856097d626d3,Fine Facial Tissues Classic 150X2 Plies 9+3 Free (Carton of 12x3) SBOD W2 Variety (UAE),6251001301915,,128.71,Fine,False,product_range,Facial Tissues Classic 150X2 Plies 9+3 Free (Carton of 12x3) SBOD W2 Variety,area,UAE,category,Facial,,,,,
c18a10857796d024d0,Fine Facial Tissues Classic 170X2 Plies - 4+1 (Carton of 05x8) NR1 (UAE),6251001301977,,20.75,Fine,False,product_range,Facial Tissues Classic 170X2 Plies - 4+1 (Carton of 05x8) NR1,category,Facial,area,UAE,,,,,
ba8a04856b96d624dc,Fine Facial Tissues Classic 170X2 Plies - 5+1 (Carton of 06x8) NR1 (UAE),6251001302011,,25.86,Fine,False,product_range,Facial Tissues Classic 170X2 Plies - 5+1 (Carton of 06x8) NR1,area,UAE,category,Facial,,,,,
c38a04856197d926d1,Fine Facial Tissues Euphoria 130X2 Plies - 5 Packs + 1 Pack of Vanilla Lavender (Carton of 06x6) Nr.1 (UAE),6251001302059,,20.75,Fine,False,product_range,Facial Tissues Euphoria 130X2 Plies - 5 Packs + 1 Pack of Vanilla Lavender (Carton of 06x6) Nr.1,area,UAE,category,Facial,,,,,
d98a07856796d624d3,Fine Facial Tissues Euphoria 130X2 Plies - 5+1 (Carton of 06x6) Nr.1 (UAE),6251001302035,,20.75,Fine,False,product_range,Facial Tissues Euphoria 130X2 Plies - 5+1 (Carton of 06x6) Nr.1,area,UAE,category,Facial,,,,,
c08a07850a96c322d1,Fine Facial Tissues Euphoria 130X2 Plies - 6+2 (Carton of 08x3) Nr.1 (UAE),6251001302097,,24.91,Fine,False,product_range,Facial Tissues Euphoria 130X2 Plies - 6+2 (Carton of 08x3) Nr.1,area,UAE,category,Facial,,,,,
ce8a1e857696db24d2,Fine Facial Tissues Euphoria 130X2 Plies - 7+3  (Carton of 10x3) Nr.1 (UAE),6251001301953,,29.01,Fine,False,product_range,Facial Tissues Euphoria 130X2 Plies - 7+3  (Carton of 10x3) Nr.1,area,UAE,category,Facial,,,,,
d88a12856196bd22d6,Fine Facial Tissues Euphoria 130X2 Plies - 9+3 (Carton of 12x3) Nr.1 (UAE),6251001302110,,37.34,Fine,False,product_range,Facial Tissues Euphoria 130X2 Plies - 9+3 (Carton of 12x3) Nr.1,area,UAE,category,Facial,,,,,
c08a04856796dc22d0,Fine Facial Tissues Euphoria 130X2 Plies 5 Packs + 1 Pack of Silver Oud (Carton of 06x6) Nr.1 (UAE),6251001302073,,20.75,Fine,False,product_range,Facial Tissues Euphoria 130X2 Plies 5 Packs + 1 Pack of Silver Oud (Carton of 06x6) Nr.1,area,UAE,category,Facial,,,,,
ce8a07896b9ad523d7,Fine Facial Tissues Fine Classic 150X2 Plies (Carton of 01x18) Variety Dawn (UAE),6251001302134,,,Fine,False,product_range,Facial Tissues Fine Classic 150X2 Plies (Carton of 01x18) Variety Dawn,area,UAE,category,Facial,,,,,
ce8b1f816796d725d1,Fine Facial Tissues Fine Classic 150X2 Plies 4 Packs of Classic + 1 Pack Silver Oud (Carton of 05x6),6251001301649,,,Fine,False,product_range,Facial Tissues Fine Classic 150X2 Plies 4 Packs of Classic + 1 Pack Silver Oud (Carton of 05x6),category,Facial tissue,,,,,,,3.49
cc8a04856297d826d2,Fine Facial Tissues Fluffy 60X2 Plies (Carton of 01x60) Easy Pack (UAE),6251001300963,,2.5,Fine,False,product_range,Facial Tissues Fluffy 60X2 Plies (Carton of 01x60) Easy Pack,area,UAE,category,Facial,,,,,
ce8b12816f99d020d2,Fine Facial Tissues Smile 80X2 Plies ( 10x4) Duplex,6251001301168,,,Fine,False,product_range,Facial Tissues Smile 80X2 Plies ( 10x4) Duplex,category,Facial,,,,,,,
c48b12816099d820d0,Fine Facial Tissues Smile 80X2 Plies (Carton of 06x6) 6253500490589,6253500490589,,,Fine,False,product_range,Facial Tissues Smile 80X2 Plies (Carton of 06x6),category,Facial,,,,,,,
ce8b06816399bd20d3,Fine Facial Tissues Smile 80X2 Plies (Carton of 06x6) 6253500491081,6253500491081,,,Fine,False,product_range,Facial Tissues Smile 80X2 Plies (Carton of 06x6),category,Facial,,,,,,,
d88a6589609ac323d6,Fine Facial Tissues Wellness Scents Spiritual-Silver Oud 120X2 Plies 5+1 Free (Pack of 6) Dawn (UAE),6251001300512,,,Fine,False,product_range,Facial Tissues Wellness Scents Spiritual-Silver Oud 120X2 Plies 5+1 Free (Pack of 6) Dawn,area,UAE,category,Facial,,,,,
ba8a1c857796d725d1,"Fine Fine, Facial Tissue,Classic Cubic 100X2Ply (UAE)",6251001210088,,3.15,Fine,False,product_range,"Fine, Facial Tissue,Classic Cubic 100X2Ply",category,Facial,area,UAE,,,,,
cd8a11857696dc25d3,"Fine Fine, Facial Tissue,Classic Cubic 100X2Ply, Pack of 48 (UAE)",6251001212396,,136.87,Fine,False,product_range,"Fine, Facial Tissue,Classic Cubic 100X2Ply, Pack of 48",category,Facial,area,UAE,,,,,
db8a65856f96d424d6,"Fine Fine, Facial Tissues, Classic Euphoria, 150x2 Ply White Tissues, pack of 5 boxes, 750 tissues (UAE)",6251001210118,,23.94,Fine,False,product_range,"Fine, Facial Tissues, Classic Euphoria, 150x2 Ply White Tissues, pack of 5 boxes, 750 tissues",category,Facial,area,UAE,,,,,
cc8a65856c96c32edd,"Fine Fine, Facial Tissues, Classic Pocket, 10x3 Ply White Tissues, pack of 10, 100 tissues (UAE)",6251001213027,,3.95,Fine,False,product_range,"Fine, Facial Tissues, Classic Pocket, 10x3 Ply White Tissues, pack of 10, 100 tissues",area,UAE,category,Pocket,,,,,
c08a1c856396c324d7,"Fine Fine, Facial Tissues, Classic, 100x2 Ply White Tissues, pack of 6 boxes, 600 tissues (UAE)",6251001210101,,19.93,Fine,False,product_range,"Fine, Facial Tissues, Classic, 100x2 Ply White Tissues, pack of 6 boxes, 600 tissues",area,UAE,category,Facial,,,,,
cf8a17856f96dc24d1,"Fine Fine, Facial Tissues, Classic, 200x2 Ply White Tissues, pack of 5 boxes, 1000 tissues (UAE)",6251001210125,,30.42,Fine,False,product_range,"Fine, Facial Tissues, Classic, 200x2 Ply White Tissues, pack of 5 boxes, 1000 tissues",area,UAE,category,Facial,,,,,
c18a04856c96d422d5,"Fine Fine, Facial Tissues, Wellness Scents Relax, Vanilla Lavender, 120X2 Ply White Tissues, Pack of 3 (UAE)",6251001300253,,14.98,Fine,False,product_range,"Fine, Facial Tissues, Wellness Scents Relax, Vanilla Lavender, 120X2 Ply White Tissues, Pack of 3",area,UAE,category,Facial,,,,,
cf8a11856c96c325d5,"Fine Fine, Facial Tissues, Wellness Scents Spiritual, Silver Oud, 120X2 Ply White Tissues, Pack of 5 (UAE)",6251001300376,,23.56,Fine,False,product_range,"Fine, Facial Tissues, Wellness Scents Spiritual, Silver Oud, 120X2 Ply White Tissues, Pack of 5",area,UAE,category,Facial,,,,,
cc8a1b856f96d62edc,"Fine Fine, Paper Towel, Mega Roll, 325 meters, 1500 sheets (UAE)",6251001221336,,15.71,Fine,False,product_range,"Fine, Paper Towel, Mega Roll, 325 meters, 1500 sheets",area,UAE,category,Rolls,,,,,
a58a11856396d82fd5,"Fine Fine, Paper Towel, Mega Roll, 325 meters, pack of 2, 3000 sheets (UAE)",6251001222739,,22.8,Fine,False,product_range,"Fine, Paper Towel, Mega Roll, 325 meters, pack of 2, 3000 sheets",area,UAE,category,Rolls,,,,,
cc8a1c856196c12fd4,"Fine Fine, Paper Towel, Mega Roll, 500 meters, 2325 sheets (UAE)",6251001222647,,22.92,Fine,False,product_range,"Fine, Paper Towel, Mega Roll, 500 meters, 2325 sheets",area,UAE,category,Rolls,,,,,
db8a7a856396d52fd6,"Fine Fine, Paper Towel, Mega Roll, 750 Sheets, 2 Ply - Pack of 2 (UAE)",6251001317091,,50.82,Fine,False,product_range,"Fine, Paper Towel, Mega Roll, 750 Sheets, 2 Ply - Pack of 2",area,UAE,category,Rolls,,,,,
db8a1f850a96d62fd7,"Fine Fine, Paper Towel, Mega Roll, 750 sheets, 2 Ply (UAE)",6251001225563,,28.01,Fine,False,product_range,"Fine, Paper Towel, Mega Roll, 750 sheets, 2 Ply",area,UAE,category,Rolls,,,,,
cc8a10856196dc24d4,"Fine Fluffy, Facial Tissues 200X2 Ply White Tissues, pack of 10 boxes, 2000 tissues (UAE)",5555555555567,,34.06,Fine,False,product_range,"Fluffy, Facial Tissues 200X2 Ply White Tissues, pack of 10 boxes, 2000 tissues",area,UAE,category,Facial,,,,,
cd8b1e810a99dc21d4,Fine Folded Hand Towels Fine Body Towel 150 Sheets 2 Plies(Carton of 05x8),6251001317749,,,Fine,False,product_range,Folded Hand Towels Fine Body Towel 150 Sheets 2 Plies(Carton of 05x8),category,Towel,,,,,,,
c48a17851596bd22d2,"Fine Guard Adult Gloves Livinguard Technology, Infection Prevention – Size Large (UAE)",6251001317527,,69.3,Fine,False,product_range,"Guard Adult Gloves Livinguard Technology, Infection Prevention – Size Large",area,UAE,category,Fine Guard,,,,,
ce8a11857496d022d3,"Fine Guard Adult Gloves Livinguard Technology, Infection Prevention – Size Medium (UAE)",6251001317510,,69.3,Fine,False,product_range,"Guard Adult Gloves Livinguard Technology, Infection Prevention – Size Medium",area,UAE,category,Fine Guard,,,,,
a58a10857696d923d4,"Fine Guard Comfort Adult Face Mask with virus-killing Livinguard Technology, – Size Large (UAE)",6251001317589,,,Fine,False,product_range,"Guard Comfort Adult Face Mask with virus-killing Livinguard Technology, – Size Large",category,Fine Guard,area,UAE,,,,,
a58a1c856b96d423d5,"Fine Guard Comfort Adult Face Mask with virus-killing Livinguard Technology, – Size Medium (UAE)",6251001317572,,,Fine,False,product_range,"Guard Comfort Adult Face Mask with virus-killing Livinguard Technology, – Size Medium",area,UAE,category,Fine Guard,,,,,
c08a7a857496db20d3,Fine Guard Disinfectants Guard FabricBooster 150 (Carton of 01x12) (UAE),6251001320091,,49.04,Fine,False,product_range,Guard Disinfectants Guard FabricBooster 150 (Carton of 01x12),area,UAE,category,Fine Guard,,,,,
cd8a10856b96d922dc,"Fine Guard Sports Anti-Viral Face Mask, Olympian Endorsed, Running, Gym, Fitness, Yoga, Cycling [2 x Reusable masks per pack| Large (UAE)",6251001317718,,154.31,Fine,False,product_range,"Guard Sports Anti-Viral Face Mask, Olympian Endorsed, Running, Gym, Fitness, Yoga, Cycling [2 x Reusable masks per pack| Large",category,Fine Guard,area,UAE,,,,,
cd8a65857696db22dd,"Fine Guard Sports Anti-Viral Face Mask, Olympian Endorsed, Running, Gym, Fitness, Yoga, Cycling [2 x Reusable masks per pack| Medium (UAE)",6251001317695,,,Fine,False,product_range,"Guard Sports Anti-Viral Face Mask, Olympian Endorsed, Running, Gym, Fitness, Yoga, Cycling [2 x Reusable masks per pack| Medium",area,UAE,category,Fine Guard,,,,,
c88a1c856196d920d0,Fine Guard Travel Safe Kit - 1 x Comfort (L) 1 x Ultrawipes (16) and 1 x Purehands (UAE),6251001321425,,69.9,Fine,False,product_range,Guard Travel Safe Kit - 1 x Comfort (L) 1 x Ultrawipes (16) and 1 x Purehands,area,UAE,category,Fine Guard,,,,,
cf8a17856f96d520d1,Fine Guard Travel Safe Kit - 1 x Comfort (M) 1 x Ultrawipes (16) and 1 x Purehands (UAE),6251001321418,,69.9,Fine,False,product_range,Guard Travel Safe Kit - 1 x Comfort (M) 1 x Ultrawipes (16) and 1 x Purehands,area,UAE,category,Fine Guard,,,,,
cc8a65857796d623d2,Fine Hygiene solutions Guard PureHands 50 ml (Carton of 01x24) (UAE),6251001317855,,29.4,Fine,False,product_range,Hygiene solutions Guard PureHands 50 ml (Carton of 01x24),area,UAE,category,Fine Guard,,,,,
a58a07856196d823dd,Fine Hygiene solutions Guard PureSurfaces 150 ml (Carton of 01x12) 6251001317879 (UAE),6251001317879,,49.35,Fine,False,product_range,Hygiene solutions Guard PureSurfaces 150 ml (Carton of 01x12),category,Fine Guard,area,UAE,,,,,
d88a1e856296d823dc,Fine Hygiene solutions Guard PureSurfaces 150 ml (Carton of 01x12) 6251001317909 (UAE),6251001317909,,560.01,Fine,False,product_range,Hygiene solutions Guard PureSurfaces 150 ml (Carton of 01x12),area,UAE,category,Fine Guard,,,,,
d88b10816e96a220d5,Fine Iced Tea - Nai Ginger - 250 ml (Carton of 01x24),9506000113258,,,Fine,False,product_range,Iced Tea - Nai Ginger - 250 ml (Carton of 01x24),category,Iced Tea,,,,,,,1
ce8b1f816096c020d2,Fine Iced Tea - Nai Ginger - 370 ml (Bale of 01x12),9506000113432,,,Fine,False,product_range,Iced Tea - Nai Ginger - 370 ml (Bale of 01x12),category,Iced Tea,,,,,,,1.5
c38b1e816b96d720d4,Fine Iced Tea - Nai Hibiscus - 250 ml (Carton of 01x24,9506000113388,,,Fine,False,product_range,Iced Tea - Nai Hibiscus - 250 ml (Carton of 01x24,category,Iced Tea,,,,,,,1
cc8b1f816c96d720d1,Fine Iced Tea - Nai Hibiscus - 370 ml(Carton of 01x12),9506000113401,,,Fine,False,product_range,Iced Tea - Nai Hibiscus - 370 ml(Carton of 01x12),category,Iced Tea,,,,,,,1.5
c88b12816396bd20d7,Fine iced tea - nai hibiscus - 4 pack (carton of 10*1,9506000113524,,,Fine,False,product_range,iced tea - nai hibiscus - 4 pack (carton of 10*1,category,Iced Tea,,,,,,,3.5
cc8b11810a96d020d3,Fine Iced Tea - Nai Lemon - 370 ml (Bale of 01x12),9506000113425,,,Fine,False,product_range,Iced Tea - Nai Lemon - 370 ml (Bale of 01x12),category,Iced Tea,,,,,,,1.5
ce8b13810a96dc23dc,Fine Iced Tea - Nai Moroccan Mint - 250 ml (Carton of 01x24),9506000113241,,,Fine,False,product_range,Iced Tea - Nai Moroccan Mint - 250 ml (Carton of 01x24),category,Iced Tea,,,,,,,1
db8b1b816296d020d6,Fine iced tea - nai multi flavor  - 4 pack( carton of 10*1,9506000113531,,,Fine,False,product_range,iced tea - nai multi flavor  - 4 pack( carton of 10*1,category,Iced Tea,,,,,,,3.5
db8b17816f96bd23dd,Fine Iced Tea - Nai Peach - 250 ml (Carton of 01x24),9506000113395,,,Fine,False,product_range,Iced Tea - Nai Peach - 250 ml (Carton of 01x24),category,Iced Tea,,,,,,,1
cc8b04816096c020d0,Fine Iced Tea - Nai Peach - 370 ml (Carton of 01x12),9506000113418,,,Fine,False,product_range,Iced Tea - Nai Peach - 370 ml (Carton of 01x12),category,Iced Tea,,,,,,,1.5
ce8a07886c99d02fd0,"Fine Incontinence Unisex adult diapers, Size Large (Waist 110-156 cm), 30 count (KSA)",6251001239140,,,Fine,False,product_range,"Incontinence Unisex adult diapers, Size Large (Waist 110-156 cm), 30 count",area,KSA,category,Fine Care,92.08,form_factor,Adult Diaper,,
c88a1f881599db2fd1,"Fine Incontinence Unisex adult diapers, Size Medium (Waist 75-110 cm), 36 count (KSA)",6251001239225,,,Fine,False,product_range,"Incontinence Unisex adult diapers, Size Medium (Waist 75-110 cm), 36 count",form_factor,Adult Diaper,area,KSA,92.08,category,Fine Care,,
c48a1389159dd623d7,"Fine Incontinence Unisex adult diapers, Size small (Waist 51-75 cm), 12 count",6251001216431,,,Fine,False,product_range,"Incontinence Unisex adult diapers, Size small (Waist 51-75 cm), 12 count",form_factor,Briefs,category,Adult Diapers,,,,73.89,
c18a07886c99a22fdc,"Fine Kitchen paper towel roll, 150 sheets X 1 ply (KSA)",6253500497762,,,Fine,False,product_range,"Kitchen paper towel roll, 150 sheets X 1 ply",form_factor,Mega rolls,category,Towel,17.71,area,KSA,,
ce8a17887696db26d5,"Fine Kitchen paper towel roll, 250 sheets X 1 ply (KSA)",6251001225518,,,Fine,False,product_range,"Kitchen paper towel roll, 250 sheets X 1 ply",category,Towel,area,KSA,31.67,form_factor,Mega rolls,,
cf8a1b886299c12fdd,"Fine Kitchen paper towel roll, 350 meters x 1 ply (KSA)",6253500497731,,,Fine,False,product_range,"Kitchen paper towel roll, 350 meters x 1 ply",category,Towel,area,KSA,21.04,form_factor,Mega rolls,,
cd8a1b896e9dd625d1,"Fine Kitchen paper towel roll, 40 sheets X 2 ply, 2 rolls",6251001153187,,,Fine,False,product_range,"Kitchen paper towel roll, 40 sheets X 2 ply, 2 rolls",category,Kitchen,form_factor,Super towel,,,,11.45,
cc8a07887496a226d4,"Fine Kitchen paper towel roll, 45 sheets X 2 ply, 12 rolls (KSA)",6251001221916,,,Fine,False,product_range,"Kitchen paper towel roll, 45 sheets X 2 ply, 12 rolls",category,Towel,area,KSA,25.31,form_factor,Super towel,,
a58a11896e9ddb25dc,"Fine Kitchen paper towel roll, 480 sheets x 1 ply",6251001226096,,,Fine,False,product_range,"Kitchen paper towel roll, 480 sheets x 1 ply",category,Kitchen,form_factor,Mega Roll,,,,42,
db8a1089639dc125d0,"Fine Kitchen paper towel roll, 55 sheets X 2 ply, 6 rolls",6251001220575,,,Fine,False,product_range,"Kitchen paper towel roll, 55 sheets X 2 ply, 6 rolls",category,Kitchen,form_factor,Super towel,,,,28.61,
c88a6589769dd925d2,"Fine Kitchen paper towel roll, 70 sheets X 2 ply, 9 + 3 FREE roll",6251001223163,,,Fine,False,product_range,"Kitchen paper towel roll, 70 sheets X 2 ply, 9 + 3 FREE roll",category,Kitchen,form_factor,Super towel pro,,,,22,
ce8a7a89639dc025dd,"Fine Kitchen paper towel roll, 70 sheets X 3 ply, 4 + 2 FREE roll",6251001316063,,,Fine,False,product_range,"Kitchen paper towel roll, 70 sheets X 3 ply, 4 + 2 FREE roll",category,Kitchen,form_factor,Super towel pro,,,,44,
d88a0689619dd825d3,"Fine Kitchen paper towel roll, 80 sheets X 3 ply, 2 rolls",6251001316087,,,Fine,False,product_range,"Kitchen paper towel roll, 80 sheets X 3 ply, 2 rolls",category,Kitchen,form_factor,Super towel pro,,,,51.5,
c88b07817496bd22d3,Fine Kitchen Towel - Fine Super Towel - 9 Rolls + 3 Rolls Free,6251001317183,,,Fine,False,product_range,Kitchen Towel - Fine Super Towel - 9 Rolls + 3 Rolls Free,category,Kitchen,,,,,,,3.75
ba8b07816f96db22d2,Fine Kitchen Towel - Super Towel Pro - 3 Ply - 2 Rolls - 70 Sheets,6251001226119,,,Fine,False,product_range,Kitchen Towel - Super Towel Pro - 3 Ply - 2 Rolls - 70 Sheets,category,Kitchen,,,,,,,1.75
c48a10856396d620d5,Fine Laundry Hygiene FineGuard SteriWash 200 gm (Carton of 01x20) (UAE),6251001317817,,119.01,Fine,False,product_range,Laundry Hygiene FineGuard SteriWash 200 gm (Carton of 01x20),category,Fine Guard,area,UAE,,,,,
c38a11850a96c320d4,Fine Laundry Hygiene FineGuard SteriWash 500 gm (Carton of 01x20) (UAE),6251001317831,,229.01,Fine,False,product_range,Laundry Hygiene FineGuard SteriWash 500 gm (Carton of 01x20),area,UAE,category,Fine Guard,,,,,
d98a7a856e96a22fd1,Fine Motiva ImmunoBooster 25ml (UAE),6251001317671,,220.01,Fine,False,product_range,Motiva ImmunoBooster 25ml,category,Supplements,area,UAE,,,,,
db8a7a856c96c12fd0,Fine Motiva NeuroBooster 150g (UAE),6251001317688,,250.01,Fine,False,product_range,Motiva NeuroBooster 150g,area,UAE,category,Supplements,,,,,
a58a11857496db25dc,Fine Pocket Tissue Rx 10X3 Plies (Carton of 10x12) (UAE),6251001305029,,5.5,Fine,False,product_range,Pocket Tissue Rx 10X3 Plies (Carton of 10x12),area,UAE,category,Pocket,,,,,
ba8a7a856096d425d7,"Fine RX Sterilized Facial Tissues for Flu & Allergies, Single Pack, 50 x 3ply (UAE)",6251001300185,,6.93,Fine,False,product_range,"RX Sterilized Facial Tissues for Flu & Allergies, Single Pack, 50 x 3ply",category,Facial,area,UAE,,,,,
cc8a10857696bd25d6,"Fine RX, Facial Tissues, 50X3 Ply Twin Pack (UAE)",6251001300598,,12.47,Fine,False,product_range,"RX, Facial Tissues, 50X3 Ply Twin Pack",area,UAE,category,Facial,,,,,
ba8a1c856396dc23d3,Fine ShoeWipes Guard 16 Sheets 1 Ply (carton of 01x24) (UAE),6251001317558,,39,Fine,False,product_range,ShoeWipes Guard 16 Sheets 1 Ply (carton of 01x24),area,UAE,category,Fine Guard,,,,,
a58a11856c96c324d5,"Fine Smile, Facial Tissues, 110 x 2 Ply, White Tissues, pack of 5 boxes, 550 tissues (UAE)",6251001300888,,15.8,Fine,False,product_range,"Smile, Facial Tissues, 110 x 2 Ply, White Tissues, pack of 5 boxes, 550 tissues",area,UAE,category,Facial,,,,,
cd8b10817496d823d3,Fine Table Napkins - White Napkins - White - 20 Pcs - 2 Ply - 33 * 33 cm,6251001153163,,,Fine,False,product_range,Table Napkins - White Napkins - White - 20 Pcs - 2 Ply - 33 * 33 cm,category,Table Napkins,,,,,,,0.99
a58b10816b96c123d2,Fine Table Napkins - White Napkins - White - 20 Pcs - 2 Ply - 41 * 41 cm,6251001134131,,,Fine,False,product_range,Table Napkins - White Napkins - White - 20 Pcs - 2 Ply - 41 * 41 cm,category,Table Napkins,,,,,,,0.99
ce8b11816096a223d1,Fine Table Napkins - White Napkins - White - 50 Pcs - 1 Ply - 22 * 22 cm,6251001235364,,,Fine,False,product_range,Table Napkins - White Napkins - White - 50 Pcs - 1 Ply - 22 * 22 cm,category,Table Napkins,,,,,,,0.99
c18b1f817496c023d0,Fine Table Napkins - White Napkins - White - 50 Pcs - 1 Ply - 33 * 33 cm,6251001133011,,,Fine,False,product_range,Table Napkins - White Napkins - White - 50 Pcs - 1 Ply - 33 * 33 cm,category,Table Napkins,,,,,,,0.99
d88a13856197d827d7,"Fine Toilet paper Comfort 180 sheets, 2 ply 12 rolls (UAE)",6251001310467,,19.9,Fine,False,product_range,"Toilet paper Comfort 180 sheets, 2 ply 12 rolls",area,UAE,category,Toilet,,,,,
ce8a06856c97d627d0,"Fine Toilet paper Comfort XL 250 sheets, 2 ply 20 rolls (UAE)",6251001316230,,41.24,Fine,False,product_range,"Toilet paper Comfort XL 250 sheets, 2 ply 20 rolls",category,Toilet,area,UAE,,,,,
c18a1c856797c326dc,"Fine Toilet paper Deluxe 140 sheets, 3 ply 12 rolls (UAE)",6251001310429,,26.45,Fine,False,product_range,"Toilet paper Deluxe 140 sheets, 3 ply 12 rolls",area,UAE,category,Toilet,,,,,
ce8a17850a97c027d5,"Fine Toilet paper Deluxe 140 sheets, 3 ply 24 rolls (UAE)",6251001310443,,48.33,Fine,False,product_range,"Toilet paper Deluxe 140 sheets, 3 ply 24 rolls",area,UAE,category,Toilet,,,,,
c48a17886099d42fd2,"Fine Toilet paper tissue roll, 340 sheets X 2 ply, 12 rolls (KSA)",6251001310016,,,Fine,False,product_range,"Toilet paper tissue roll, 340 sheets X 2 ply, 12 rolls",category,Toilet,area,KSA,31.56,form_factor,Duetto,,
a58a07896f9da224d0,"Fine Toilet paper, tissue roll - 100sheets X 2ply, 20 + 4 FREE rolls",6251001223767,,,Fine,False,product_range,"Toilet paper, tissue roll - 100sheets X 2ply, 20 + 4 FREE rolls",category,Toilet Tissue,form_factor,Comfort,,,,40,
c38a1289779dd425d4,"Fine Toilet paper, tissue roll - 150 sheets X 3ply",6251001223811,,,Fine,False,product_range,"Toilet paper, tissue roll - 150 sheets X 3ply",form_factor,Comfort,category,Toilet Tissue,,,,11,
c08a65896b9dd625d6,"Fine Toilet paper, tissue roll - 150 sheets X 3ply, 9 + 3 FREE roll",6251001310344,,,Fine,False,product_range,"Toilet paper, tissue roll - 150 sheets X 3ply, 9 + 3 FREE roll",form_factor,Comfort,category,Toilet Tissue,,,,49.5,
cf8a1189749dd825d7,"Fine Toilet paper, tissue roll - 150 sheets X 3ply, of 6 rolls",6251001223835,,,Fine,False,product_range,"Toilet paper, tissue roll - 150 sheets X 3ply, of 6 rolls",form_factor,Comfort,category,Toilet Tissue,,,,27.5,
cd8a1f89749dd724dc,"Fine Toilet paper, tissue roll - 340 sheets X 2ply, 2 rolls Duetto Jumbo",6251001310269,,,Fine,False,product_range,"Toilet paper, tissue roll - 340 sheets X 2ply, 2 rolls Duetto Jumbo",form_factor,Duetto,category,Toilet Tissue,,,,10.9,
c08a1e89639ddb25d5,"Fine Toilet paper, tissue roll - 380 sheets X 2ply",6251001224191,,,Fine,False,product_range,"Toilet paper, tissue roll - 380 sheets X 2ply",form_factor,Comfort,category,Toilet Tissue,,,,54.5,
d88a1189639ddc24dd,"Fine Toilet paper, tissue roll - 380 sheets X 2ply, 2 Rolls",6251001221701,,,Fine,False,product_range,"Toilet paper, tissue roll - 380 sheets X 2ply, 2 Rolls",form_factor,Comfort,category,Toilet Tissue,,,,10.9,
c08a0489609dbd24d3,"Fine Toilet paper, tissue roll - 380sheets X 2ply, 6 Jumbo rolls",6251001220193,,,Fine,False,product_range,"Toilet paper, tissue roll - 380sheets X 2ply, 6 Jumbo rolls",form_factor,Comfort,category,Toilet Tissue,,,,27.25,
d88a1089159dc324d2,"Fine Toilet paper, tissue roll - 400 sheets X 2ply, 6 Rolls Duetto Jumbo",6251001224573,,,Fine,False,product_range,"Toilet paper, tissue roll - 400 sheets X 2ply, 6 Rolls Duetto Jumbo",category,Toilet Tissue,form_factor,Duetto,,,,29.97,
c38a11856f97c027d6,Fine Toilet Tissue Comfort 180 Sheets 2 Plies - 24 rolls (UAE),6251001310689,,34.9,Fine,False,product_range,Toilet Tissue Comfort 180 Sheets 2 Plies - 24 rolls,category,Toilet,area,UAE,,,,,
cf8a1f857497bd27d1,Fine Toilet Tissue Comfort 180 Sheets 2 Plies - 32 rolls (UAE),6251001310764,,40.89,Fine,False,product_range,Toilet Tissue Comfort 180 Sheets 2 Plies - 32 rolls,area,UAE,category,Toilet,,,,,
c48a04856797db27d4,Fine Toilet Tissue Comfort 180 Sheets 2 Plies 8 rolls (UAE),6251001310481,,12.47,Fine,False,product_range,Toilet Tissue Comfort 180 Sheets 2 Plies 8 rolls,category,Toilet,area,UAE,,,,,
cf8a12857697d927d3,Fine Toilet Tissue Comfort XL 250 Sheets 2 Plies - 10 rolls (UAE),6251001316209,,22.91,Fine,False,product_range,Toilet Tissue Comfort XL 250 Sheets 2 Plies - 10 rolls,area,UAE,category,Toilet,,,,,
ce8a7a896f9ac320d5,Fine Toilet Tissue Comfort XL 250 Sheets 2 Plies @ Super Saver Price (Bale of 50x1) (UAE),6251001311396,,,Fine,False,product_range,Toilet Tissue Comfort XL 250 Sheets 2 Plies @ Super Saver Price (Bale of 50x1),area,UAE,category,Fine Toilet Tissue,,,,,
ce8a10896c9adc23dc,Fine Toilet Tissue Comfort XL 250 Sheets 2 Plies Mega pack (Bale of 40x1) (UAE),6251001311341,,,Fine,False,product_range,Toilet Tissue Comfort XL 250 Sheets 2 Plies Mega pack (Bale of 40x1),area,UAE,category,Fine Toilet Tissue,,,,,
c48a11856197d426dd,Fine Toilet Tissue Deluxe 140 Sheets 3 Plies - 4 rolls (UAE),6251001310405,,12.13,Fine,False,product_range,Toilet Tissue Deluxe 140 Sheets 3 Plies - 4 rolls,area,UAE,category,Toilet,,,,,
ce8a1289609aa220d4,Fine Toilet Tissue Deluxe 140 Sheets 3 Plies Jumbo Pack (Bale of 36x2) (UAE),6251001311358,,,Fine,False,product_range,Toilet Tissue Deluxe 140 Sheets 3 Plies Jumbo Pack (Bale of 36x2),area,UAE,category,Fine Toilet Tissue,,,,,
c08a17857496bd25dd,Fine Toilet Tissue Escape Vanilla Lavender 150 Sheets 3 Plies(Bale of 06x6) (UAE),6251001310702,,10.5,Fine,False,product_range,Toilet Tissue Escape Vanilla Lavender 150 Sheets 3 Plies(Bale of 06x6),area,UAE,category,Toilet,,,,,
ce8b06816396c022d6,Fine Toilet Tissues - Fine Comfort - 28 Rolls + 4 Rolls Free,6251001224078,,,Fine,False,product_range,Toilet Tissues - Fine Comfort - 28 Rolls + 4 Rolls Free,category,Toilet Tissues,,,,,,,6.49
db8b1c817696c022d1,Fine Toilet Tissues - Fine Comfort - 32 Rolls + 8 Rolls Free,6251001310061,,,Fine,False,product_range,Toilet Tissues - Fine Comfort - 32 Rolls + 8 Rolls Free,category,Toilet Tissues,,,,,,,7.99
c88b1e811596d525dd,Fine Toilet Tissues - Fine Comfort - 4 Rolls,6251001223545,,,Fine,False,product_range,Toilet Tissues - Fine Comfort - 4 Rolls,category,Toilet Tissues,,,,,,,1.99
cf8b1e817796c122d4,Fine Toilet Tissues - Fine Delux - 10 Rolls + 2 Rolls Free,6251001224177,,,Fine,False,product_range,Toilet Tissues - Fine Delux - 10 Rolls + 2 Rolls Free,category,Toilet Tissues,,,,,,,3.49
ce8b06816196d922d7,Fine Toilet Tissues - Fine Smart - 16 Rolls + 2 Rolls Free,6251001224054,,,Fine,False,product_range,Toilet Tissues - Fine Smart - 16 Rolls + 2 Rolls Free,category,Toilet Tissues,,,,,,,6.49
c88b04816396d625d2,Fine Toilet Tissues - Fine Smart - 4 Rolls 6251001223514,6251001223514,,,Fine,False,product_range,Toilet Tissues - Fine Smart - 4 Rolls,category,Toilet Tissues,,,,,,,1.99
c48b11816c96c325d3,Fine Toilet Tissues - Fine Smart - 4 Rolls 6251001223576,6251001223576,,,Fine,False,product_range,Toilet Tissues - Fine Smart - 4 Rolls,category,Toilet Tissues,,,,,,,1.99
a58b13816196d825dc,Fine Toilet Tissues - Fluffy - 4 Rolls - 200 Sheets,6251001222074,,,Fine,False,product_range,Toilet Tissues - Fluffy - 4 Rolls - 200 Sheets,category,Toilet Tissues,,,,,,,1.99
d98b7a816296c322d5,Fine Toilet Tissues - Lido - 10 Rolls - 200 Sheets,6251001224238,,,Fine,False,product_range,Toilet Tissues - Lido - 10 Rolls - 200 Sheets,category,Toilet Tissues,,,,,,,1.99
d98b1b816c96d722d0,Fine Toilet Tissues - Smart - 10 Rolls - 450 Sheets,6251001310184,,,Fine,False,product_range,Toilet Tissues - Smart - 10 Rolls - 450 Sheets,category,Toilet Tissues,,,,,,,3.29
d88a7a856396d82fdc,Fine Towel Household Duetto 80 Sheets 3 Plies(Bale of 02x10) SBOD (UAE),6251001317251,,10.49,Fine,False,product_range,Towel Household Duetto 80 Sheets 3 Plies(Bale of 02x10) SBOD,area,UAE,category,Towel,,,,,
cc8a1f890a9adc23d2,Fine Towel Household Fine Super Towel PRO 60 sheets 3ply 10 rolls @ Special Price (Bale10x2) (UAE),6251001311389,,,Fine,False,product_range,Towel Household Fine Super Towel PRO 60 sheets 3ply 10 rolls @ Special Price (Bale10x2),form_factor,Super towel pro,area,UAE,,category,Kitchen,,
d98a1e856197d426d5,Fine Towel Household Super Towel PRO 070 Sheets 3 Plies 8 rolls with Gift (Bale of 08x3) (UAE),6251001310337,,28.37,Fine,False,product_range,Towel Household Super Towel PRO 070 Sheets 3 Plies 8 rolls with Gift (Bale of 08x3),area,UAE,category,Towel,,,,,
c18a1f851596d72fd3,Fine Towel Household Super Towel PRO 070 Sheets 3 Plieswith Guard PureSurfaces (Bale of 02x8) 6251001316186 (UAE),6251001316186,,25.41,Fine,False,product_range,Towel Household Super Towel PRO 070 Sheets 3 Plieswith Guard PureSurfaces (Bale of 02x8),category,Towel,area,UAE,,,,,
d98a1c856796bd2fd2,Fine Towel Household Super Towel PRO 070 Sheets 3 Plieswith Guard PureSurfaces (Bale of 02x8) 6251001316193 (UAE),6251001316193,,203.28,Fine,False,product_range,Towel Household Super Towel PRO 070 Sheets 3 Plieswith Guard PureSurfaces (Bale of 02x8),area,UAE,category,Towel,,,,,
d88a13856097d624d5,Fine Towel Household Super Towel PRO 60 Sheets 3 Plies - 6 rolls (UAE),6251001310580,,21.41,Fine,False,product_range,Towel Household Super Towel PRO 60 Sheets 3 Plies - 6 rolls,area,UAE,category,Towel,,,,,
cc8a1c89159ad623d3,Fine Towel Household Super Towel PRO 60 Sheets 3 Plies @ Super Saver Price (Roll of 12) (UAE),6251001310627,,,Fine,False,product_range,Towel Household Super Towel PRO 60 Sheets 3 Plies @ Super Saver Price (Roll of 12),area,UAE,category,Kitchen,,form_factor,Super towel pro,,
c18a1c89779aa223dd,Fine Towel Household Super Towel PRO 60 Sheets 3 Plies Saving Value (Bale of 16x1) (UAE),6251001311426,,,Fine,False,product_range,Towel Household Super Towel PRO 60 Sheets 3 Plies Saving Value (Bale of 16x1),area,UAE,category,Kitchen,,form_factor,Super towel pro,,
cd8a7a857797db27d2,Fine Towel Household Super Towel Pro 60 sheets 3ply - 2 rolls (UAE),6251001310542,,9.83,Fine,False,product_range,Towel Household Super Towel Pro 60 sheets 3ply - 2 rolls,area,UAE,category,Towel,,,,,
c48a04856297d827dd,Fine Towel Household Super Towel Pro 60 sheets 3ply - 4 rolls (UAE),6251001310566,,17.7,Fine,False,product_range,Towel Household Super Towel Pro 60 sheets 3ply - 4 rolls,area,UAE,category,Towel,,,,,
c38a06857497a227dc,Fine Towel Household Super Towel Pro 60 sheets 3ply 8 rolls (UAE),6251001310603,,31.15,Fine,False,product_range,Towel Household Super Towel Pro 60 sheets 3ply 8 rolls,area,UAE,category,Towel,,,,,
cc8a11856096c12fdd,Fine Towel interfolded (2X More Absorbent) Sterilized 150 Sheets 2 Ply (UAE),6253500499018,,3.98,Fine,False,product_range,Towel interfolded (2X More Absorbent) Sterilized 150 Sheets 2 Ply,category,Towel,area,UAE,,,,,
cc8b65816c96d022dd,Fine Towels Mega Roll - Fine Mega Rolls - 1000 Sheets - 1 Ply,6251001226034,,,Fine,False,product_range,Towels Mega Roll - Fine Mega Rolls - 1000 Sheets - 1 Ply,category,Hand Towel Rolls,,,,,,,2.49
db8a10856196d520d6,Fine Ultra Wet Wipes Guard 030 Sheets 1 Ply(Carton of 01x12) (UAE),6251001320350,,44.94,Fine,False,product_range,Ultra Wet Wipes Guard 030 Sheets 1 Ply(Carton of 01x12),area,UAE,category,Fine Guard,,,,,
ce8a13856196bd20d7,Fine Ultra Wet Wipes Guard 16 Sheets 1 Ply (carton of 01x24) (UAE),6251001320374,,,Fine,False,product_range,Ultra Wet Wipes Guard 16 Sheets 1 Ply (carton of 01x24),area,UAE,category,Fine Guard,,,,,
cd8a7a856796d92ed1,Nai 4 pack Nai flavor Assorted variety (4 x250ml) (UAE),9506000113531,,19.95,Nai,False,product_range,4 pack Nai flavor Assorted variety (4 x250ml),area,UAE,category,Nai,,,,,
a58a17856c96d42ed6,"Nai 4 pack Nai Hibiscus,pomegranate,rose water (4 x250ml) (UAE)",9506000113524,,19.95,Nai,False,product_range,"4 pack Nai Hibiscus,pomegranate,rose water (4 x250ml)",category,Nai,area,UAE,,,,,
c18a11856396db2ed2,Nai Iced Tea Nai 473ml Multi flavor 4 Pack (UAE),9506000113562,,,Nai,False,product_range,Iced Tea Nai 473ml Multi flavor 4 Pack,category,Nai,area,UAE,,,,,
cd8a11857496db21dd,"Nai Nai's Ginger Apple Green Tea, 100% Natural, Ready-to-Drink, 250ml Can (UAE)",9506000113258,,4.99,Nai,False,product_range,"Nai's Ginger Apple Green Tea, 100% Natural, Ready-to-Drink, 250ml Can",area,UAE,category,Nai,,,,,
ba8a06856296d62ed7,"Nai Nai's Ginger Apple Green Tea, 100% Natural, Ready-to-Drink, 250ml Can, 24 pack (UAE)",9506000113296,,119.7,Nai,False,product_range,"Nai's Ginger Apple Green Tea, 100% Natural, Ready-to-Drink, 250ml Can, 24 pack",area,UAE,category,Nai,,,,,
db8a06857796d621d6,"Nai Nai's Ginger Apple Green Tea, 100% Natural, Ready-to-Drink, 473 ml Glass Bottle (Tray of 12) (UAE)",9506000113371,,119.41,Nai,False,product_range,"Nai's Ginger Apple Green Tea, 100% Natural, Ready-to-Drink, 473 ml Glass Bottle (Tray of 12)",area,UAE,category,Nai,,,,,
ce8a1f856b96d620dc,"Nai Nai's Ginger Apple Green Tea, 100% Natural, Ready-to-Drink, 473 ml Glass Bottle (UAE)",9506000113333,,9.95,Nai,False,product_range,"Nai's Ginger Apple Green Tea, 100% Natural, Ready-to-Drink, 473 ml Glass Bottle",area,UAE,category,Nai,,,,,
c18a12857696d821dc,"Nai Nai's Hibiscus Pomegranate Rose Iced Tea, 100% Natural, Ready -to-Drink, 250ml Can, 24 pack (UAE)",9506000113265,,119.7,Nai,False,product_range,"Nai's Hibiscus Pomegranate Rose Iced Tea, 100% Natural, Ready -to-Drink, 250ml Can, 24 pack",area,UAE,category,Nai,,,,,
ba8a06856096d521d0,"Nai Nai's Hibiscus Pomegranate Rose Iced Tea, 100% Natural, Ready-to-Drink, 250ml Can (UAE)",9506000113388,,4.99,Nai,False,product_range,"Nai's Hibiscus Pomegranate Rose Iced Tea, 100% Natural, Ready-to-Drink, 250ml Can",area,UAE,category,Nai,,,,,
d88a13856296d62ed0,"Nai Nai's Hibiscus Pomegranate Rose Iced Tea, 100% Natural, Ready-to-Drink, 473ml Glass Bottle 9506000113104 (UAE)",9506000113104,,13.99,Nai,False,product_range,"Nai's Hibiscus Pomegranate Rose Iced Tea, 100% Natural, Ready-to-Drink, 473ml Glass Bottle",category,Nai,area,UAE,,,,,
c38a11856f96c120d2,"Nai Nai's Hibiscus Pomegranate Rose Iced Tea, 100% Natural, Ready-to-Drink, 473ml Glass Bottle 9506000113302 (UAE)",9506000113302,,9.95,Nai,False,product_range,"Nai's Hibiscus Pomegranate Rose Iced Tea, 100% Natural, Ready-to-Drink, 473ml Glass Bottle",area,UAE,category,Nai,,,,,
ce8a1e856b96d821d4,"Nai Nai's Hibiscus Pomegranate Rose Iced Tea, 100% Natural, Ready-to-Drink, 473ml Glass Bottle. (12 pack) (UAE)",9506000113340,,119.41,Nai,False,product_range,"Nai's Hibiscus Pomegranate Rose Iced Tea, 100% Natural, Ready-to-Drink, 473ml Glass Bottle. (12 pack)",area,UAE,category,Nai,,,,,
c88a13856e96d621d1,"Nai Nai's Moroccan Mint Lemon Tea, 100% Natural, Ready-to-Drink, 473 ml Glass Botttles (Tray of 12) (UAE)",9506000113364,,119.41,Nai,False,product_range,"Nai's Moroccan Mint Lemon Tea, 100% Natural, Ready-to-Drink, 473 ml Glass Botttles (Tray of 12)",area,UAE,category,Nai,,,,,
c08a65857496d621d5,"Nai Nai's Moroccan Mint Lemon Tea, 100% Natural, Ready-to-Drink, 473 ml Glass Botttles (UAE)",9506000113326,,9.95,Nai,False,product_range,"Nai's Moroccan Mint Lemon Tea, 100% Natural, Ready-to-Drink, 473 ml Glass Botttles",category,Nai,area,UAE,,,,,
ce8a65856796d721d2,"Nai Nai's Moroccan Mint Tea, 100% Natural, Ready-to-Drink, 250ml Can (UAE)",9506000113241,,4.99,Nai,False,product_range,"Nai's Moroccan Mint Tea, 100% Natural, Ready-to-Drink, 250ml Can",area,UAE,category,Nai,,,,,
c18a11856096db2ed4,"Nai Nai's Moroccan Mint Tea, 100% Natural, Ready-to-Drink, 250ml Can, 24 pack (UAE)",9506000113289,,119.7,Nai,False,product_range,"Nai's Moroccan Mint Tea, 100% Natural, Ready-to-Drink, 250ml Can, 24 pack",area,UAE,category,Nai,,,,,
c38a1e856f96c02ed3,"Nai Nai's Peach Mango Jasmine Iced Tea, 100% Natural, Ready-to-Drink,  473ml Glass Bottle 9506000113111 (UAE)",9506000113111,,13.99,Nai,False,product_range,"Nai's Peach Mango Jasmine Iced Tea, 100% Natural, Ready-to-Drink,  473ml Glass Bottle",area,UAE,category,Nai,,,,,
cc8a11856f96d920dd,"Nai Nai's Peach Mango Jasmine Iced Tea, 100% Natural, Ready-to-Drink,  473ml Glass Bottle 9506000113319 (UAE)",9506000113319,,9.95,Nai,False,product_range,"Nai's Peach Mango Jasmine Iced Tea, 100% Natural, Ready-to-Drink,  473ml Glass Bottle",area,UAE,category,Nai,,,,,
db8a13856f96bd21d7,"Nai Nai's Peach Mango Jasmine Iced Tea, 100% Natural, Ready-to-Drink,  473ml Glass Bottle. (12 pack) (UAE)",9506000113357,,119.41,Nai,False,product_range,"Nai's Peach Mango Jasmine Iced Tea, 100% Natural, Ready-to-Drink,  473ml Glass Bottle. (12 pack)",area,UAE,category,Nai,,,,,
c18a07856196d521d3,"Nai Nai's Peach Mango Jasmine Iced Tea, 100% Natural, Ready-to-Drink, 250ml Can (UAE)",9506000113395,,4.99,Nai,False,product_range,"Nai's Peach Mango Jasmine Iced Tea, 100% Natural, Ready-to-Drink, 250ml Can",area,UAE,category,Nai,,,,,
c38a11856096c02ed5,"Nai Nai's Peach Mango Jasmine Iced Tea, 100% Natural, Ready-to-Drink, 250ml Can, 24 pack (UAE)",9506000113272,,119.7,Nai,False,product_range,"Nai's Peach Mango Jasmine Iced Tea, 100% Natural, Ready-to-Drink, 250ml Can, 24 pack",area,UAE,category,Nai,,,,,
