id,name,url,country_code,currency,products_nb,brands_list
c09a0b91619bdb24d8,Amazon.ae,https://www.amazon.ae/,AE,AED,149,"Fine, Nai"
d88106890a99d921c4,Amazon.eg,https://www.amazon.eg/,EG,EGP,54,Fine
ba811084679fc122a5,Amazon.sa,https://www.amazon.sa/,SA,SAR,135,"Fine, Nai"
cd867a806e99d824d9,Carrefourjordan.com,https://www.carrefourjordan.com/,JO,JOD,43,Fine
ba861380619ad920c8,Carrefourksa.com,https://www.carrefourksa.com/,SA,SAR,15,Fine
c18006870a98d72ecc,Carrefouruae.com,https://www.carrefouruae.com/,AE,AED,58,Fine
c18617806c9dc023cf,Carrefouruae.com Festival City Mall,https://www.carrefouruae.com/,AE,AED,46,Fine
c4860480619dd420c0,Carrefouruae.com Ibn Battuta Mall,https://www.carrefouruae.com/,AE,AED,45,Fine
cf861b80629dd621db,Carrefouruae.com Mall of the Emirates,https://www.carrefouruae.com/,AE,AED,34,Fine
cf860680159dd62ec1,Carrefouruae.com Mirdiff,https://www.carrefouruae.com/,AE,AED,48,Fine
cc861280619dbd2fd9,Carrefouruae.com Wafi Mall,https://www.carrefouruae.com/,AE,AED,48,Fine
cf8665816c9fdc24c1,Cozmo.jo,https://cozmo.jo/,JO,JOD,49,Fine
ce8612806096d427c8,Dumyah.com,https://www.dumyah.com/,JO,JOD,27,Fine
db860680619adc26ba,Firstcry.ae,https://www.firstcry.ae/,AE,AED,27,Fine
ce8106836c97c32fc0,Jumia.com.eg,https://www.jumia.com.eg/,EG,EGP,13,Fine
d9837a857799c322c3,Mumzworld.com,http://www.mumzworld.com/,AE,AED,92,Fine
c48111836c97d72ec0,Noon.com EG,https://www.noon.com/,EG,EGP,53,Fine
a5811183749cd025cc,Noon.com SA,https://www.noon.com/,SA,SAR,27,Fine
ba801e85779ad025c3,Noon.com UAE,https://www.noon.com/,AE,AED,71,Fine
cd8611816b9fc025d9,Samehgroup.com,https://www.samehgroup.com/,JO,JOD,24,Fine
ce861c806e9ac023cd,Saudi.mumzworld.com,https://saudi.mumzworld.com/,SA,SAR,34,Fine
