id,name,ean,sku,brand_name,competitor,attributes/0/name,attributes/0/values/0,attributes/1/name,attributes/1/values/0,attributes/2/name,attributes/2/values/0
cd8a7a856796d92ed1,Nai 4 pack Nai flavor Assorted variety (4 x250ml) (UAE),9506000113531,,Nai,False,area,UAE,category,Nai,product_range,4 pack Nai flavor Assorted variety (4 x250ml)
a58a17856c96d42ed6,"Nai 4 pack Nai Hibiscus,pomegranate,rose water (4 x250ml) (UAE)",9506000113524,,Nai,False,area,UAE,category,Nai,product_range,"4 pack Nai Hibiscus,pomegranate,rose water (4 x250ml)"
c18a11856396db2ed2,Nai Iced Tea Nai 473ml Multi flavor 4 Pack (UAE),9506000113562,,Nai,False,area,UAE,category,Nai,product_range,Iced Tea Nai 473ml Multi flavor 4 Pack
cd8a11857496db21dd,"Nai Nai's Ginger Apple Green Tea, 100% Natural, Ready-to-Drink, 250ml Can (UAE)",9506000113258,,Nai,False,area,UAE,category,Nai,product_range,"Nai's Ginger Apple Green Tea, 100% Natural, Ready-to-Drink, 250ml Can"
ba8a06856296d62ed7,"Nai Nai's Ginger Apple Green Tea, 100% Natural, Ready-to-Drink, 250ml Can, 24 pack (UAE)",9506000113296,,Nai,False,area,UAE,category,Nai,product_range,"Nai's Ginger Apple Green Tea, 100% Natural, Ready-to-Drink, 250ml Can, 24 pack"
db8a06857796d621d6,"Nai Nai's Ginger Apple Green Tea, 100% Natural, Ready-to-Drink, 473 ml Glass Bottle (Tray of 12) (UAE)",9506000113371,,Nai,False,area,UAE,category,Nai,product_range,"Nai's Ginger Apple Green Tea, 100% Natural, Ready-to-Drink, 473 ml Glass Bottle (Tray of 12)"
ce8a1f856b96d620dc,"Nai Nai's Ginger Apple Green Tea, 100% Natural, Ready-to-Drink, 473 ml Glass Bottle (UAE)",9506000113333,,Nai,False,area,UAE,category,Nai,product_range,"Nai's Ginger Apple Green Tea, 100% Natural, Ready-to-Drink, 473 ml Glass Bottle"
c18a12857696d821dc,"Nai Nai's Hibiscus Pomegranate Rose Iced Tea, 100% Natural, Ready -to-Drink, 250ml Can, 24 pack (UAE)",9506000113265,,Nai,False,area,UAE,category,Nai,product_range,"Nai's Hibiscus Pomegranate Rose Iced Tea, 100% Natural, Ready -to-Drink, 250ml Can, 24 pack"
ba8a06856096d521d0,"Nai Nai's Hibiscus Pomegranate Rose Iced Tea, 100% Natural, Ready-to-Drink, 250ml Can (UAE)",9506000113388,,Nai,False,area,UAE,category,Nai,product_range,"Nai's Hibiscus Pomegranate Rose Iced Tea, 100% Natural, Ready-to-Drink, 250ml Can"
d88a13856296d62ed0,"Nai Nai's Hibiscus Pomegranate Rose Iced Tea, 100% Natural, Ready-to-Drink, 473ml Glass Bottle 9506000113104 (UAE)",9506000113104,,Nai,False,area,UAE,category,Nai,product_range,"Nai's Hibiscus Pomegranate Rose Iced Tea, 100% Natural, Ready-to-Drink, 473ml Glass Bottle"
c38a11856f96c120d2,"Nai Nai's Hibiscus Pomegranate Rose Iced Tea, 100% Natural, Ready-to-Drink, 473ml Glass Bottle 9506000113302 (UAE)",9506000113302,,Nai,False,area,UAE,category,Nai,product_range,"Nai's Hibiscus Pomegranate Rose Iced Tea, 100% Natural, Ready-to-Drink, 473ml Glass Bottle"
ce8a1e856b96d821d4,"Nai Nai's Hibiscus Pomegranate Rose Iced Tea, 100% Natural, Ready-to-Drink, 473ml Glass Bottle. (12 pack) (UAE)",9506000113340,,Nai,False,area,UAE,category,Nai,product_range,"Nai's Hibiscus Pomegranate Rose Iced Tea, 100% Natural, Ready-to-Drink, 473ml Glass Bottle. (12 pack)"
c88a13856e96d621d1,"Nai Nai's Moroccan Mint Lemon Tea, 100% Natural, Ready-to-Drink, 473 ml Glass Botttles (Tray of 12) (UAE)",9506000113364,,Nai,False,area,UAE,category,Nai,product_range,"Nai's Moroccan Mint Lemon Tea, 100% Natural, Ready-to-Drink, 473 ml Glass Botttles (Tray of 12)"
c08a65857496d621d5,"Nai Nai's Moroccan Mint Lemon Tea, 100% Natural, Ready-to-Drink, 473 ml Glass Botttles (UAE)",9506000113326,,Nai,False,area,UAE,category,Nai,product_range,"Nai's Moroccan Mint Lemon Tea, 100% Natural, Ready-to-Drink, 473 ml Glass Botttles"
ce8a65856796d721d2,"Nai Nai's Moroccan Mint Tea, 100% Natural, Ready-to-Drink, 250ml Can (UAE)",9506000113241,,Nai,False,area,UAE,category,Nai,product_range,"Nai's Moroccan Mint Tea, 100% Natural, Ready-to-Drink, 250ml Can"
c18a11856096db2ed4,"Nai Nai's Moroccan Mint Tea, 100% Natural, Ready-to-Drink, 250ml Can, 24 pack (UAE)",9506000113289,,Nai,False,area,UAE,category,Nai,product_range,"Nai's Moroccan Mint Tea, 100% Natural, Ready-to-Drink, 250ml Can, 24 pack"
c38a1e856f96c02ed3,"Nai Nai's Peach Mango Jasmine Iced Tea, 100% Natural, Ready-to-Drink,  473ml Glass Bottle 9506000113111 (UAE)",9506000113111,,Nai,False,area,UAE,category,Nai,product_range,"Nai's Peach Mango Jasmine Iced Tea, 100% Natural, Ready-to-Drink,  473ml Glass Bottle"
cc8a11856f96d920dd,"Nai Nai's Peach Mango Jasmine Iced Tea, 100% Natural, Ready-to-Drink,  473ml Glass Bottle 9506000113319 (UAE)",9506000113319,,Nai,False,area,UAE,category,Nai,product_range,"Nai's Peach Mango Jasmine Iced Tea, 100% Natural, Ready-to-Drink,  473ml Glass Bottle"
db8a13856f96bd21d7,"Nai Nai's Peach Mango Jasmine Iced Tea, 100% Natural, Ready-to-Drink,  473ml Glass Bottle. (12 pack) (UAE)",9506000113357,,Nai,False,area,UAE,category,Nai,product_range,"Nai's Peach Mango Jasmine Iced Tea, 100% Natural, Ready-to-Drink,  473ml Glass Bottle. (12 pack)"
c18a07856196d521d3,"Nai Nai's Peach Mango Jasmine Iced Tea, 100% Natural, Ready-to-Drink, 250ml Can (UAE)",9506000113395,,Nai,False,area,UAE,category,Nai,product_range,"Nai's Peach Mango Jasmine Iced Tea, 100% Natural, Ready-to-Drink, 250ml Can"
c38a11856096c02ed5,"Nai Nai's Peach Mango Jasmine Iced Tea, 100% Natural, Ready-to-Drink, 250ml Can, 24 pack (UAE)",9506000113272,,Nai,False,area,UAE,category,Nai,product_range,"Nai's Peach Mango Jasmine Iced Tea, 100% Natural, Ready-to-Drink, 250ml Can, 24 pack"
