data/id,data/product_url,data/offers_url,data/retailer_product_id,data/price,data/price_marketplace,data/shipping,data/shipping_cost,data/availability,data/availability_code,data/buybox/winner,data/rating_count,data/rating_average,data/last_update,data/last_change,retailer/id,retailer/name,retailer/url,retailer/country_code,retailer/currency,data/3rd_party_info/retailer_identifier,data/3rd_party_info/name,data/3rd_party_info/url,data/3rd_party_info/shipping_cost,data/3rd_party_info/price,data/buybox/info/retailer_identifier,data/buybox/info/name,data/buybox/info/url,data/buybox/info/price,data/buybox/info/shipping_cost,data/buybox/is_marketplace_lowest,data/buybox/is_direct_lost
d18003827896cb23d0,https://www.amazon.ae/dp/B07PJ73335/,https://www.amazon.ae/gp/offer-listing/B07PJ73335/,B07PJ73335,81.75,-1,unknown,-1,in_stock,1,direct,19,4.4,2022-03-22T14:20:23Z,2022-03-19T07:56:24Z,c09a0b91619bdb24d8,Amazon.ae,https://www.amazon.ae/,AE,AED,,,,,,,,,,,,
d1800288739bc421d3,https://www.carrefouruae.com/mafuae/en/root-maf-category/food-navigation-category/beauty-personal-care/personal-care-wellbeing/adult-hygiene/fine-adult-diaper-large-mega-x-36/p/1838851,,,81.75,-1,unknown,-1,in_stock,1,,-1,-1.0,2022-03-22T14:20:13Z,2022-03-18T14:37:45Z,cc861280619dbd2fd9,Carrefouruae.com Wafi Mall,https://www.carrefouruae.com/,AE,AED,,Carrefour,,0,,,,,,,,
d1800288739bc42ed4,https://www.carrefouruae.com/mafuae/en/root-maf-category/food-navigation-category/beauty-personal-care/personal-care-wellbeing/adult-hygiene/fine-adult-diaper-large-mega-x-36/p/1838851,,,81.75,-1,unknown,-1,in_stock,1,,-1,-1.0,2022-03-22T14:20:09Z,2022-03-18T14:37:46Z,c4860480619dd420c0,Carrefouruae.com Ibn Battuta Mall,https://www.carrefouruae.com/,AE,AED,,Carrefour,,0,,,,,,,,
d18002887398cc24d4,https://www.carrefouruae.com/mafuae/en/root-maf-category/food-navigation-category/beauty-personal-care/personal-care-wellbeing/adult-hygiene/fine-adult-diaper-large-mega-x-36/p/1838851,,,81.75,-1,unknown,-1,in_stock,1,,-1,-1.0,2022-03-22T14:20:08Z,2022-03-18T14:38:01Z,cf860680159dd62ec1,Carrefouruae.com Mirdiff,https://www.carrefouruae.com/,AE,AED,,Carrefour,,0,,,,,,,,
d18002887398cd24d7,https://www.carrefouruae.com/mafuae/en/root-maf-category/food-navigation-category/beauty-personal-care/personal-care-wellbeing/adult-hygiene/fine-adult-diaper-large-mega-x-36/p/1838851,,,81.75,-1,unknown,-1,in_stock,1,,-1,-1.0,2022-03-22T14:20:06Z,2022-03-18T14:37:50Z,c18006870a98d72ecc,Carrefouruae.com,https://www.carrefouruae.com/,AE,AED,,Carrefour,,0,,,,,,,,
d1800d877296c923dd,https://www.amazon.eg/dp/B07PJ73335/,https://www.amazon.eg/gp/offer-listing/B07PJ73335/,B07PJ73335,-1.0,270,unknown,-1,marketplace_only,10,marketplace,7,2.5,2022-03-22T14:20:05Z,2022-03-16T14:58:12Z,d88106890a99d921c4,Amazon.eg,https://www.amazon.eg/,EG,EGP,A1S78Y6DQ4QQV7,الاجزخانة,https://www.amazon.eg/gp/aag/main/ref=olp_merch_name?ie=UTF8&seller=A1S78Y6DQ4QQV7,0,270,A1S78Y6DQ4QQV7,الاجزخانة,https://www.amazon.eg/gp/aag/main/ref=olp_merch_name?ie=UTF8&seller=A1S78Y6DQ4QQV7,270,0,True,False
d1800288739bc421d6,https://www.carrefouruae.com/mafuae/en/root-maf-category/food-navigation-category/beauty-personal-care/personal-care-wellbeing/adult-hygiene/fine-adult-diaper-large-mega-x-36/p/1838851,,,81.75,-1,unknown,-1,in_stock,1,,-1,-1.0,2022-03-22T14:20:04Z,2022-03-18T14:37:45Z,c18617806c9dc023cf,Carrefouruae.com Festival City Mall,https://www.carrefouruae.com/,AE,AED,,Carrefour,,0,,,,,,,,
d1800288739bc42fd5,https://www.carrefouruae.com/mafuae/en/root-maf-category/food-navigation-category/beauty-personal-care/personal-care-wellbeing/adult-hygiene/fine-adult-diaper-large-mega-x-36/p/1838851,,,81.75,-1,unknown,-1,in_stock,1,,-1,-1.0,2022-03-22T14:20:03Z,2022-03-18T14:37:47Z,cf861b80629dd621db,Carrefouruae.com Mall of the Emirates,https://www.carrefouruae.com/,AE,AED,,Carrefour,,0,,,,,,,,
