data/id,data/product_url,data/offers_url,data/retailer_product_id,data/price,data/price_marketplace,data/shipping,data/shipping_cost,data/availability,data/availability_code,data/buybox/winner,data/rating_count,data/rating_average,data/last_update,data/last_change,product/id,product/name,product/ean,product/sku,product/msrps/AED,product/brand_name,product/competitor,product/attributes/0/name,product/attributes/0/values/0,product/attributes/1/name,product/attributes/1/values/0,product/attributes/2/name,product/attributes/2/values/0,data/3rd_party_info/retailer_identifier,data/3rd_party_info/name,data/3rd_party_info/url,data/3rd_party_info/price,data/3rd_party_info/shipping_cost,data/buybox/info/retailer_identifier,data/buybox/info/name,data/buybox/info/url,data/buybox/info/price,data/buybox/info/shipping_cost,data/buybox/is_marketplace_lowest,data/buybox/is_direct_lost,product/attributes/3/name,product/attributes/3/values/0
d1810a82729dc926dc,https://www.amazon.ae/dp/B07N8XSSGD/,https://www.amazon.ae/gp/offer-listing/B07N8XSSGD/,B07N8XSSGD,43.11,-1.0,unknown,-1,in_stock,1,direct,3,3.2,2022-03-22T15:47:47Z,2022-03-21T14:49:26Z,c88a11856099a221d1,"Fine Care Incontinence Unisex Briefs, Waist (51 - 75 cm), Small, pack of 18 (UAE)",6251001216424,,53.13,Fine,False,area,UAE,category,Adult,product_range,"Care Incontinence Unisex Briefs, Waist (51 - 75 cm), Small, pack of 18",,,,,,,,,,,,,,
d1810a82729dc82ed3,https://www.amazon.ae/dp/B07S4Q363Y/,https://www.amazon.ae/gp/offer-listing/B07S4Q363Y/,B07S4Q363Y,81.75,189.0,unknown,-1,in_stock,1,direct,2,5.0,2022-03-22T15:47:38Z,2022-03-21T14:49:45Z,ce8a11857799dc2ed5,"Fine Care Incontinence Unisex, Waist (75 - 110 cm), Medium, pack of 44 (UAE)",6251001239157,,114.86,Fine,False,area,UAE,category,Adult,product_range,"Care Incontinence Unisex, Waist (75 - 110 cm), Medium, pack of 44",A3BRRJ976VBZCB,⌠ Gum.Tree ⌡,https://www.amazon.ae/gp/aag/main/ref=olp_merch_name?ie=UTF8&seller=A3BRRJ976VBZCB,189,0,,,,,,,,,
d18002887e9fcb22dc,https://www.amazon.ae/dp/B07RLY6BV8/,https://www.amazon.ae/gp/offer-listing/B07RLY6BV8/,B07RLY6BV8,35.11,49.0,unknown,-1,in_stock,1,direct,1,4.0,2022-03-22T15:44:25Z,2022-03-18T12:51:28Z,c88a1c856f99d521dc,"Fine Care Incontinence Unisex, Waist (110 - 156 cm), Large, pack of 9 (UAE)",6251001216394,,39.13,Fine,False,area,UAE,category,Adult,product_range,"Care Incontinence Unisex, Waist (110 - 156 cm), Large, pack of 9",A4I34LYB2IPPO,NutritionPlus,https://www.amazon.ae/gp/aag/main/ref=olp_merch_name?ie=UTF8&seller=A4I34LYB2IPPO,49,0,,,,,,,,,
d1810a887c9ecc21dc,https://www.amazon.ae/dp/B09KH8Z6K9/,https://www.amazon.ae/gp/offer-listing/B09KH8Z6K9/,B09KH8Z6K9,20.95,17.0,unknown,-1,in_stock,1,marketplace,76,4.5,2022-03-22T15:42:53Z,2022-03-22T15:42:53Z,ba8a04856b96d624dc,Fine Facial Tissues Classic 170X2 Plies - 5+1 (Carton of 06x8) NR1 (UAE),6251001302011,,25.86,Fine,False,area,UAE,category,Facial,product_range,Facial Tissues Classic 170X2 Plies - 5+1 (Carton of 06x8) NR1,A1Y4F7JLCELVX9,ajkstore,https://www.amazon.ae/gp/aag/main/ref=olp_merch_name?ie=UTF8&seller=A1Y4F7JLCELVX9,17,0,A1Y4F7JLCELVX9,ajkstore,https://www.amazon.ae/gp/aag/main/ref=olp_merch_name?ie=UTF8&seller=A1Y4F7JLCELVX9,17,0,True,True,,
d1810a887f97c82ed0,https://www.amazon.ae/dp/B09KH8JNF3/,https://www.amazon.ae/gp/offer-listing/B09KH8JNF3/,B09KH8JNF3,25.36,25.0,unknown,-1,in_stock,1,direct,1002,4.6,2022-03-22T15:41:37Z,2022-03-22T15:41:37Z,ce8a1e857696db24d2,Fine Facial Tissues Euphoria 130X2 Plies - 7+3  (Carton of 10x3) Nr.1 (UAE),6251001301953,,29.01,Fine,False,area,UAE,category,Facial,product_range,Facial Tissues Euphoria 130X2 Plies - 7+3  (Carton of 10x3) Nr.1,A1CRNOI0GO67E9,KEPIC'S,https://www.amazon.ae/gp/aag/main/ref=olp_merch_name?ie=UTF8&seller=A1CRNOI0GO67E9,25,0,,,,,,,,,
d1810a887f97c821d1,https://www.amazon.ae/dp/B099R8CL1Y/,https://www.amazon.ae/gp/offer-listing/B099R8CL1Y/,B099R8CL1Y,28.23,24.0,unknown,-1,in_stock,1,marketplace,8,4.8,2022-03-22T15:41:35Z,2022-03-22T15:41:35Z,cc8a1c89159ad623d3,Fine Towel Household Super Towel PRO 60 Sheets 3 Plies @ Super Saver Price (Roll of 12) (UAE),6251001310627,,,Fine,False,area,UAE,category,Kitchen,form_factor,Super towel pro,A1Y4F7JLCELVX9,ajkstore,https://www.amazon.ae/gp/aag/main/ref=olp_merch_name?ie=UTF8&seller=A1Y4F7JLCELVX9,24,0,A1Y4F7JLCELVX9,ajkstore,https://www.amazon.ae/gp/aag/main/ref=olp_merch_name?ie=UTF8&seller=A1Y4F7JLCELVX9,24,0,True,True,product_range,Towel Household Super Towel PRO 60 Sheets 3 Plies @ Super Saver Price (Roll of 12)
d1810a887f97c823d4,https://www.amazon.ae/dp/B09KH9PBFJ/,https://www.amazon.ae/gp/offer-listing/B09KH9PBFJ/,B09KH9PBFJ,14.81,14.0,unknown,-1,in_stock,1,marketplace,7,5.0,2022-03-22T15:41:31Z,2022-03-22T15:41:31Z,c18a10857796d024d0,Fine Facial Tissues Classic 170X2 Plies - 4+1 (Carton of 05x8) NR1 (UAE),6251001301977,,20.75,Fine,False,area,UAE,category,Facial,product_range,Facial Tissues Classic 170X2 Plies - 4+1 (Carton of 05x8) NR1,A1Y4F7JLCELVX9,ajkstore,https://www.amazon.ae/gp/aag/main/ref=olp_merch_name?ie=UTF8&seller=A1Y4F7JLCELVX9,14,0,A1Y4F7JLCELVX9,ajkstore,https://www.amazon.ae/gp/aag/main/ref=olp_merch_name?ie=UTF8&seller=A1Y4F7JLCELVX9,14,0,True,True,,
d1810a807f98c42fdc,https://www.amazon.ae/dp/B09KHBXQFN/,https://www.amazon.ae/gp/offer-listing/B09KHBXQFN/,B09KHBXQFN,22.31,9.0,unknown,-1,in_stock,1,direct,-1,-1.0,2022-03-22T15:41:14Z,2022-03-21T04:55:30Z,c08a07850a96c322d1,Fine Facial Tissues Euphoria 130X2 Plies - 6+2 (Carton of 08x3) Nr.1 (UAE),6251001302097,,24.91,Fine,False,area,UAE,category,Facial,product_range,Facial Tissues Euphoria 130X2 Plies - 6+2 (Carton of 08x3) Nr.1,A1332JZWBK21YL,SEGOO,https://www.amazon.ae/gp/aag/main/ref=olp_merch_name?ie=UTF8&seller=A1332JZWBK21YL,9,0,,,,,,,,,
d1810a887f97c927d3,https://www.amazon.ae/dp/B09KH8SDYG/,https://www.amazon.ae/gp/offer-listing/B09KH8SDYG/,B09KH8SDYG,28.91,26.0,unknown,-1,in_stock,1,marketplace,-1,-1.0,2022-03-22T15:41:08Z,2022-03-22T15:41:08Z,d88a12856196bd22d6,Fine Facial Tissues Euphoria 130X2 Plies - 9+3 (Carton of 12x3) Nr.1 (UAE),6251001302110,,37.34,Fine,False,area,UAE,category,Facial,product_range,Facial Tissues Euphoria 130X2 Plies - 9+3 (Carton of 12x3) Nr.1,A1Y4F7JLCELVX9,ajkstore,https://www.amazon.ae/gp/aag/main/ref=olp_merch_name?ie=UTF8&seller=A1Y4F7JLCELVX9,26,0,A1Y4F7JLCELVX9,ajkstore,https://www.amazon.ae/gp/aag/main/ref=olp_merch_name?ie=UTF8&seller=A1Y4F7JLCELVX9,26,0,True,True,,
d18002877f97cc22d6,https://www.amazon.ae/dp/B07G8NWHY8/,https://www.amazon.ae/gp/offer-listing/B07G8NWHY8/,B07G8NWHY8,160.35,-1.0,unknown,-1,in_stock,1,direct,3,3.7,2022-03-22T15:39:33Z,2022-03-18T09:38:36Z,c08a10850a96d025d2,Fine Facial Tissue Wellness Scents Spiritual Silver Oud - Cubic 100 X 2ply – Pack of 48 (UAE),6251001210675,,160.75,Fine,False,area,UAE,category,Facial,product_range,Facial Tissue Wellness Scents Spiritual Silver Oud - Cubic 100 X 2ply – Pack of 48,,,,,,,,,,,,,,
d1810a827d96cf27d5,https://www.amazon.ae/dp/B077ST3JNR/,https://www.amazon.ae/gp/offer-listing/B077ST3JNR/,B077ST3JNR,55.9,-1.0,unknown,-1,in_stock,1,direct,9,3.5,2022-03-22T15:36:26Z,2022-03-21T14:37:55Z,d88a1e856b99bd21d7,"Fine Care Incontinence Unisex Briefs, Large, Waist (110 -156 cm), Pack of 18 (UAE)",6251001216387,,73.2,Fine,False,area,UAE,category,Adult,product_range,"Care Incontinence Unisex Briefs, Large, Waist (110 -156 cm), Pack of 18",,,,,,,,,,,,,,
d68a0c86799ecc22d6,https://www.amazon.ae/dp/B09K5NJKCV/,https://www.amazon.ae/gp/offer-listing/B09K5NJKCV/,B09K5NJKCV,-1.0,13.5,unknown,-1,marketplace_only,10,marketplace,-1,-1.0,2022-03-22T15:34:04Z,2021-12-16T09:07:06Z,cf8a17856f96dc24d1,"Fine Fine, Facial Tissues, Classic, 200x2 Ply White Tissues, pack of 5 boxes, 1000 tissues (UAE)",6251001210125,,30.42,Fine,False,area,UAE,category,Facial,product_range,"Fine, Facial Tissues, Classic, 200x2 Ply White Tissues, pack of 5 boxes, 1000 tissues",A13G7VEA97HRZD,Whiteline Factory Outlet,https://www.amazon.ae/gp/aag/main/ref=olp_merch_name?ie=UTF8&seller=A13G7VEA97HRZD,13.5,0,A13G7VEA97HRZD,Whiteline Factory Outlet,https://www.amazon.ae/gp/aag/main/ref=olp_merch_name?ie=UTF8&seller=A13G7VEA97HRZD,13.5,0,True,False,,
d18003897997cd24d0,https://www.amazon.ae/dp/B085FCL799/,https://www.amazon.ae/gp/offer-listing/B085FCL799/,B085FCL799,16.82,10.0,unknown,-1,in_stock,1,direct,6,4.6,2022-03-22T15:33:29Z,2022-03-20T20:24:22Z,cf8a11856c96c325d5,"Fine Fine, Facial Tissues, Wellness Scents Spiritual, Silver Oud, 120X2 Ply White Tissues, Pack of 5 (UAE)",6251001300376,,23.56,Fine,False,area,UAE,category,Facial,product_range,"Fine, Facial Tissues, Wellness Scents Spiritual, Silver Oud, 120X2 Ply White Tissues, Pack of 5",A1332JZWBK21YL,SEGOO,https://www.amazon.ae/gp/aag/main/ref=olp_merch_name?ie=UTF8&seller=A1332JZWBK21YL,10,0,,,,,,,,,
d1800387729dcc21d2,https://www.amazon.ae/dp/B08L2RVT43/,https://www.amazon.ae/gp/offer-listing/B08L2RVT43/,B08L2RVT43,8.7,4.0,unknown,-1,in_stock,1,direct,3,5.0,2022-03-22T15:32:51Z,2022-03-20T11:56:14Z,c18a04856c96d422d5,"Fine Fine, Facial Tissues, Wellness Scents Relax, Vanilla Lavender, 120X2 Ply White Tissues, Pack of 3 (UAE)",6251001300253,,14.98,Fine,False,area,UAE,category,Facial,product_range,"Fine, Facial Tissues, Wellness Scents Relax, Vanilla Lavender, 120X2 Ply White Tissues, Pack of 3",A1Y4F7JLCELVX9,ajkstore,https://www.amazon.ae/gp/aag/main/ref=olp_merch_name?ie=UTF8&seller=A1Y4F7JLCELVX9,4,0,,,,,,,,,
d18002817a98c922d0,https://www.amazon.ae/dp/B07NF7NJN3/,https://www.amazon.ae/gp/offer-listing/B07NF7NJN3/,B07NF7NJN3,2.9,-1.0,unknown,-1,in_stock,1,direct,44,4.5,2022-03-22T15:32:50Z,2022-03-17T04:44:09Z,c18a1c857796d625d0,Fine Facial Tissue Wellness Scents Spiritual Silver Oud - Cubic 100 X 2ply (UAE),6251001210552,,3.35,Fine,False,area,UAE,category,Facial,product_range,Facial Tissue Wellness Scents Spiritual Silver Oud - Cubic 100 X 2ply,,,,,,,,,,,,,,
d1800387729dcc23d0,https://www.amazon.ae/dp/B078G3G31K/,https://www.amazon.ae/gp/offer-listing/B078G3G31K/,B078G3G31K,24.12,16.0,unknown,-1,in_stock,1,direct,53,4.0,2022-03-22T15:32:49Z,2022-03-20T11:56:10Z,cc8a1c856196c12fd4,"Fine Fine, Paper Towel, Mega Roll, 500 meters, 2325 sheets (UAE)",6251001222647,,22.92,Fine,False,area,UAE,category,Rolls,product_range,"Fine, Paper Towel, Mega Roll, 500 meters, 2325 sheets",A1332JZWBK21YL,SEGOO,https://www.amazon.ae/gp/aag/main/ref=olp_merch_name?ie=UTF8&seller=A1332JZWBK21YL,16,0,,,,,,,,,
d1810a827d9ecd27d1,https://www.amazon.ae/dp/B099R8F4N8/,https://www.amazon.ae/gp/offer-listing/B099R8F4N8/,B099R8F4N8,11.03,-1.0,unknown,-1,in_stock,1,direct,19,4.4,2022-03-22T15:20:45Z,2022-03-21T14:20:48Z,c48a04856797db27d4,Fine Toilet Tissue Comfort 180 Sheets 2 Plies 8 rolls (UAE),6251001310481,,12.47,Fine,False,area,UAE,category,Toilet,product_range,Toilet Tissue Comfort 180 Sheets 2 Plies 8 rolls,,,,,,,,,,,,,,
d18003827f9ec925d0,https://www.amazon.ae/dp/B0857VDG1W/,https://www.amazon.ae/gp/offer-listing/B0857VDG1W/,B0857VDG1W,38.64,99.0,unknown,-1,in_stock,1,direct,168,3.6,2022-03-22T15:19:52Z,2022-03-19T08:46:18Z,c08a17856296c123d1,Fine Face Mask Guard Medium (Carton of 01x40) Slim (UAE),6251001317350,,,Fine,False,area,UAE,category,Fine Guard,product_range,Face Mask Guard Medium (Carton of 01x40) Slim,A2QJ44I4RWAWN3,MGT-UAE,https://www.amazon.ae/gp/aag/main/ref=olp_merch_name?ie=UTF8&seller=A2QJ44I4RWAWN3,99,0,,,,,,,,,
d18002897898c821d1,https://www.amazon.ae/dp/B085R4YZWZ/,https://www.amazon.ae/gp/offer-listing/B085R4YZWZ/,B085R4YZWZ,278.89,-1.0,unknown,-1,in_stock,1,direct,-1,-1.0,2022-03-22T15:14:22Z,2022-03-18T15:35:17Z,c38a17856299d62fd5,"Fine Care Incontinence Unisex Briefs, Medium, Waist (75-110 cm), Pack of 44 X 3 (UAE)",6251001309065,,344.59,Fine,False,area,UAE,category,Adult,product_range,"Care Incontinence Unisex Briefs, Medium, Waist (75-110 cm), Pack of 44 X 3",,,,,,,,,,,,,,
d1830288739dcc27dc,https://www.amazon.ae/dp/B09KH6WY3Y/,https://www.amazon.ae/gp/offer-listing/B09KH6WY3Y/,B09KH6WY3Y,-1.0,-1.0,unknown,-1,marketplace_only,10,no_winner,-1,-1.0,2022-03-22T15:10:59Z,2022-02-26T12:48:42Z,c38a04856197d926d1,Fine Facial Tissues Euphoria 130X2 Plies - 5 Packs + 1 Pack of Vanilla Lavender (Carton of 06x6) Nr.1 (UAE),6251001302059,,20.75,Fine,False,area,UAE,category,Facial,product_range,Facial Tissues Euphoria 130X2 Plies - 5 Packs + 1 Pack of Vanilla Lavender (Carton of 06x6) Nr.1,,,,,,,,,,,,,,
d1810a827c9bce2fd3,https://www.amazon.ae/dp/B099R7WSRW/,https://www.amazon.ae/gp/offer-listing/B099R7WSRW/,B099R7WSRW,17.75,29.99,unknown,-1,in_stock,1,direct,57,4.5,2022-03-22T15:09:43Z,2022-03-21T14:10:39Z,c18a1c856797c326dc,"Fine Toilet paper Deluxe 140 sheets, 3 ply 12 rolls (UAE)",6251001310429,,26.45,Fine,False,area,UAE,category,Toilet,product_range,"Toilet paper Deluxe 140 sheets, 3 ply 12 rolls",A1CRNOI0GO67E9,KEPIC'S,https://www.amazon.ae/gp/aag/main/ref=olp_merch_name?ie=UTF8&seller=A1CRNOI0GO67E9,29.99,0,,,,,,,,,
d1810a887e9cca2ed7,https://www.amazon.ae/dp/B07PG9953K/,https://www.amazon.ae/gp/offer-listing/B07PG9953K/,B07PG9953K,23.99,15.99,unknown,-1,in_stock,1,direct,519,4.1,2022-03-22T15:06:40Z,2022-03-22T15:06:40Z,a58a11856396d82fd5,"Fine Fine, Paper Towel, Mega Roll, 325 meters, pack of 2, 3000 sheets (UAE)",6251001222739,,22.8,Fine,False,area,UAE,category,Rolls,product_range,"Fine, Paper Towel, Mega Roll, 325 meters, pack of 2, 3000 sheets",A1JMN2DE6KYDSL,TRATOPIA GENERAL TRADING,https://www.amazon.ae/gp/aag/main/ref=olp_merch_name?ie=UTF8&seller=A1JMN2DE6KYDSL,15.99,0,,,,,,,,,
d1810a837f9acb23dc,https://www.amazon.ae/dp/B085JDGXX8/,https://www.amazon.ae/gp/offer-listing/B085JDGXX8/,B085JDGXX8,128.65,-1.0,unknown,-1,in_stock,1,direct,-1,-1.0,2022-03-22T15:05:33Z,2022-03-21T17:18:09Z,ba8a11856799d82edc,"Fine Care Incontinence Unisex Briefs, Large, Waist (110 -156 cm), Pack of 9  X 4 (UAE)",6251001309058,,154.21,Fine,False,area,UAE,category,Adult,product_range,"Care Incontinence Unisex Briefs, Large, Waist (110 -156 cm), Pack of 9  X 4",,,,,,,,,,,,,,
d18303887c9dc823d6,https://www.amazon.ae/dp/B0948DQYSD/,https://www.amazon.ae/gp/offer-listing/B0948DQYSD/,B0948DQYSD,-1.0,-1.0,unknown,-1,marketplace_only,10,no_winner,1,4.0,2022-03-22T15:03:33Z,2022-02-28T13:47:41Z,c38a11856796d922d4,Fine Facial Tissues Classic 150X2 Plies - 5 Packs of Mazaj + 1 Pack of Silver Oud (Carton of 06x6) SBOD W2 (UAE),6251001301687,,22.05,Fine,False,area,UAE,category,Facial,product_range,Facial Tissues Classic 150X2 Plies - 5 Packs of Mazaj + 1 Pack of Silver Oud (Carton of 06x6) SBOD W2,,,,,,,,,,,,,,
d1810a837f9acb26d7,https://www.amazon.ae/dp/B09KHBDB2K/,https://www.amazon.ae/gp/offer-listing/B09KHBDB2K/,B09KHBDB2K,18.41,10.0,unknown,-1,in_stock,1,direct,43,4.5,2022-03-22T15:03:29Z,2022-03-21T17:18:05Z,d98a07856796d624d3,Fine Facial Tissues Euphoria 130X2 Plies - 5+1 (Carton of 06x6) Nr.1 (UAE),6251001302035,,20.75,Fine,False,area,UAE,category,Facial,product_range,Facial Tissues Euphoria 130X2 Plies - 5+1 (Carton of 06x6) Nr.1,A1332JZWBK21YL,SEGOO,https://www.amazon.ae/gp/aag/main/ref=olp_merch_name?ie=UTF8&seller=A1332JZWBK21YL,10,0,,,,,,,,,
d1810a837f9ac924dd,https://www.amazon.ae/dp/B085RH8RBN/,https://www.amazon.ae/gp/offer-listing/B085RH8RBN/,B085RH8RBN,217.26,-1.0,unknown,-1,in_stock,1,direct,-1,-1.0,2022-03-22T15:03:28Z,2022-03-21T17:17:52Z,cc8a1f857499db2ed6,"Fine Care Incontinence Unisex Briefs, Medium, Waist (75-110 cm), Pack of 22 X 4 (UAE)",6251001309027,,299.49,Fine,False,area,UAE,category,Adult,product_range,"Care Incontinence Unisex Briefs, Medium, Waist (75-110 cm), Pack of 22 X 4",,,,,,,,,,,,,,
d1810a857e9ccc23d3,https://www.amazon.ae/dp/B09G6KS7RZ/,https://www.amazon.ae/gp/offer-listing/B09G6KS7RZ/,B09G6KS7RZ,38.59,135.0,unknown,-1,in_stock,1,direct,57,4.5,2022-03-22T15:03:24Z,2022-03-22T03:04:02Z,ce8a1289609aa220d4,Fine Toilet Tissue Deluxe 140 Sheets 3 Plies Jumbo Pack (Bale of 36x2) (UAE),6251001311358,,,Fine,False,area,UAE,category,Fine Toilet Tissue,product_range,Toilet Tissue Deluxe 140 Sheets 3 Plies Jumbo Pack (Bale of 36x2),AN8VRKYEEOBFQ,VNANKANI_uae,https://www.amazon.ae/gp/aag/main/ref=olp_merch_name?ie=UTF8&seller=AN8VRKYEEOBFQ,135,0,,,,,,,,,
d1810a867a9ecb25d7,https://www.amazon.ae/dp/B085FBXMDQ/,https://www.amazon.ae/gp/offer-listing/B085FBXMDQ/,B085FBXMDQ,19.85,-1.0,unknown,-1,out_of_stock,5,direct,5,4.5,2022-03-22T15:03:23Z,2022-03-22T05:52:49Z,d88a6589609ac323d6,Fine Facial Tissues Wellness Scents Spiritual-Silver Oud 120X2 Plies 5+1 Free (Pack of 6) Dawn (UAE),6251001300512,,,Fine,False,area,UAE,category,Facial,product_range,Facial Tissues Wellness Scents Spiritual-Silver Oud 120X2 Plies 5+1 Free (Pack of 6) Dawn,,,,,,,,,,,,,,
d68a0c86799ac926d1,https://www.amazon.ae/dp/B07KVNR7XQ/,https://www.amazon.ae/gp/offer-listing/B07KVNR7XQ/,B07KVNR7XQ,13.79,-1.0,unknown,-1,in_stock,1,direct,5,5.0,2022-03-22T15:03:22Z,2021-12-16T09:21:21Z,c38a1e856f96c02ed3,"Nai Nai's Peach Mango Jasmine Iced Tea, 100% Natural, Ready-to-Drink,  473ml Glass Bottle 9506000113111 (UAE)",9506000113111,,13.99,Nai,False,area,UAE,category,Nai,product_range,"Nai's Peach Mango Jasmine Iced Tea, 100% Natural, Ready-to-Drink,  473ml Glass Bottle",,,,,,,,,,,,,,
d1810a887e9ec426d1,https://www.amazon.ae/dp/B084G34S11/,https://www.amazon.ae/gp/offer-listing/B084G34S11/,B084G34S11,36.75,-1.0,unknown,-1,in_stock,1,direct,508,3.5,2022-03-22T15:03:14Z,2022-03-22T15:03:14Z,c08a7a856196d423d0,Fine Face Mask Guard Large (Carton of 01x40) Slim (UAE),6251001317329,,,Fine,False,area,UAE,category,Fine Guard,product_range,Face Mask Guard Large (Carton of 01x40) Slim,,,,,,,,,,,,,,
d1810a837f9ac92ed3,https://www.amazon.ae/dp/B083B1STJZ/,https://www.amazon.ae/gp/offer-listing/B083B1STJZ/,B083B1STJZ,113.12,-1.0,unknown,-1,in_stock,1,direct,1,4.0,2022-03-22T15:03:14Z,2022-03-21T17:17:56Z,c48a13857499d02ed2,Fine Care underpads ultrasoft size 60 x 90 cm - 20 disposale underpads X 4 (UAE),6251001239294,,166.32,Fine,False,area,UAE,category,Adult,product_range,Care underpads ultrasoft size 60 x 90 cm - 20 disposale underpads X 4,,,,,,,,,,,,,,
d18002817d9ccb25d5,https://www.amazon.ae/dp/B07NBQXCTZ/,https://www.amazon.ae/gp/offer-listing/B07NBQXCTZ/,B07NBQXCTZ,119.85,399.0,unknown,-1,in_stock,1,direct,-1,-1.0,2022-03-22T15:03:09Z,2022-03-17T07:31:06Z,c38a11856096c02ed5,"Nai Nai's Peach Mango Jasmine Iced Tea, 100% Natural, Ready-to-Drink, 250ml Can, 24 pack (UAE)",9506000113272,,119.7,Nai,False,area,UAE,category,Nai,product_range,"Nai's Peach Mango Jasmine Iced Tea, 100% Natural, Ready-to-Drink, 250ml Can, 24 pack",A15SC1UJNOXHF2,DeliWer Shopping,https://www.amazon.ae/gp/aag/main/ref=olp_merch_name?ie=UTF8&seller=A15SC1UJNOXHF2,399,0,,,,,,,,,
d18308887b98cc23d4,https://www.amazon.ae/dp/B08WR8KJ42/,https://www.amazon.ae/gp/offer-listing/B08WR8KJ42/,B08WR8KJ42,19.83,-1.0,unknown,-1,in_stock,1,direct,8,3.0,2022-03-22T15:02:57Z,2022-02-14T13:33:41Z,a58a17856c96d42ed6,"Nai 4 pack Nai Hibiscus,pomegranate,rose water (4 x250ml) (UAE)",9506000113524,,19.95,Nai,False,area,UAE,category,Nai,product_range,"4 pack Nai Hibiscus,pomegranate,rose water (4 x250ml)",,,,,,,,,,,,,,
d1800389799fc520d5,https://www.amazon.ae/dp/B07G8LGY9R/,https://www.amazon.ae/gp/offer-listing/B07G8LGY9R/,B07G8LGY9R,143.98,-1.0,unknown,-1,in_stock,1,direct,2,5.0,2022-03-22T15:02:21Z,2022-03-20T19:29:08Z,cd8a11857696dc25d3,"Fine Fine, Facial Tissue,Classic Cubic 100X2Ply, Pack of 48 (UAE)",6251001212396,,136.87,Fine,False,area,UAE,category,Facial,product_range,"Fine, Facial Tissue,Classic Cubic 100X2Ply, Pack of 48",,,,,,,,,,,,,,
d18002877e9bcf24dc,https://www.amazon.ae/dp/B07WMSRZDW/,https://www.amazon.ae/gp/offer-listing/B07WMSRZDW/,B07WMSRZDW,7.22,15.6,unknown,-1,in_stock,1,direct,7,4.7,2022-03-22T15:00:37Z,2022-03-18T09:03:09Z,c48a1e856197d526d7,"Fine Baby, Wet Wipes, with Aloe Vera & Chamomile Lotion, 54 wipes (UAE)",6251001225167,,10.8,Fine,False,area,UAE,category,Wet Wipes,product_range,"Baby, Wet Wipes, with Aloe Vera & Chamomile Lotion, 54 wipes",A4ZPMY50AWW5X,RelianceBooks UAE,https://www.amazon.ae/gp/aag/main/ref=olp_merch_name?ie=UTF8&seller=A4ZPMY50AWW5X,15.6,0,,,,,,,,,
d1800884799aca2fd3,https://www.amazon.ae/dp/B084BWWMNY/,https://www.amazon.ae/gp/offer-listing/B084BWWMNY/,B084BWWMNY,7.29,13.0,unknown,-1,in_stock,1,direct,16,4.4,2022-03-22T14:58:28Z,2022-03-05T15:56:41Z,ba8a7a856096d425d7,"Fine RX Sterilized Facial Tissues for Flu & Allergies, Single Pack, 50 x 3ply (UAE)",6251001300185,,6.93,Fine,False,area,UAE,category,Facial,product_range,"RX Sterilized Facial Tissues for Flu & Allergies, Single Pack, 50 x 3ply",A18B5MEO78PHFU,Five Brothers Trading,https://www.amazon.ae/gp/aag/main/ref=olp_merch_name?ie=UTF8&seller=A18B5MEO78PHFU,13,0,,,,,,,,,
d68a0c857396cd26d6,https://www.amazon.ae/dp/B08WRB9TKF/,https://www.amazon.ae/gp/offer-listing/B08WRB9TKF/,B08WRB9TKF,19.83,-1.0,unknown,-1,in_stock,1,direct,3,3.5,2022-03-22T14:55:16Z,2021-12-16T07:30:34Z,cd8a7a856796d92ed1,Nai 4 pack Nai flavor Assorted variety (4 x250ml) (UAE),9506000113531,,19.95,Nai,False,area,UAE,category,Nai,product_range,4 pack Nai flavor Assorted variety (4 x250ml),,,,,,,,,,,,,,
d1810a837e96c824dd,https://www.amazon.ae/dp/B08YY25CHN/,https://www.amazon.ae/gp/offer-listing/B08YY25CHN/,B08YY25CHN,1.6,-1.0,unknown,-1,in_stock,1,direct,10,3.5,2022-03-22T14:52:14Z,2022-03-21T17:05:11Z,cc8a04856297d826d2,Fine Facial Tissues Fluffy 60X2 Plies (Carton of 01x60) Easy Pack (UAE),6251001300963,,2.5,Fine,False,area,UAE,category,Facial,product_range,Facial Tissues Fluffy 60X2 Plies (Carton of 01x60) Easy Pack,,,,,,,,,,,,,,
d1810a88799dcf22d4,https://www.amazon.ae/dp/B076GNKBXB/,https://www.amazon.ae/gp/offer-listing/B076GNKBXB/,B076GNKBXB,131.2,-1.0,unknown,-1,in_stock,1,direct,81,4.5,2022-03-22T14:51:39Z,2022-03-22T14:51:39Z,cd8a1e856199d62fd1,"Fine Baby Diaper Baby Green JUN, Size 6 Jumbo Pack MBG (Bale of 36x4) (UAE)",6251001307092,,199.5,Fine,False,area,UAE,category,Baby,product_range,"Baby Diaper Baby Green JUN, Size 6 Jumbo Pack MBG (Bale of 36x4)",,,,,,,,,,,,,,
d1810a88799ccb27d6,https://www.amazon.ae/dp/B000MHUZUQ/,https://www.amazon.ae/gp/offer-listing/B000MHUZUQ/,B000MHUZUQ,23.95,23.95,unknown,-1,in_stock,1,direct,1337,4.5,2022-03-22T14:50:37Z,2022-03-22T14:50:37Z,cc8a10856196dc24d4,"Fine Fluffy, Facial Tissues 200X2 Ply White Tissues, pack of 10 boxes, 2000 tissues (UAE)",5555555555567,,34.06,Fine,False,area,UAE,category,Facial,product_range,"Fluffy, Facial Tissues 200X2 Ply White Tissues, pack of 10 boxes, 2000 tissues",ADJIBY3BBN2R6,AnanSouqGifts,https://www.amazon.ae/gp/aag/main/ref=olp_merch_name?ie=UTF8&seller=ADJIBY3BBN2R6,23.95,0,,,,,,,,,
d1830a85739dc522d7,https://www.amazon.ae/dp/B094KGC54S/,https://www.amazon.ae/gp/offer-listing/B094KGC54S/,B094KGC54S,26.73,-1.0,unknown,-1,in_stock,1,direct,1,5.0,2022-03-22T14:50:36Z,2022-02-09T18:08:29Z,c18a1f851596d72fd3,Fine Towel Household Super Towel PRO 070 Sheets 3 Plieswith Guard PureSurfaces (Bale of 02x8) 6251001316186 (UAE),6251001316186,,25.41,Fine,False,area,UAE,category,Towel,product_range,Towel Household Super Towel PRO 070 Sheets 3 Plieswith Guard PureSurfaces (Bale of 02x8),,,,,,,,,,,,,,
d18003877b99c425dd,https://www.amazon.ae/dp/B083B1LFV8/,https://www.amazon.ae/gp/offer-listing/B083B1LFV8/,B083B1LFV8,11.5,7.0,unknown,-1,in_stock,1,direct,2,4.0,2022-03-22T14:50:14Z,2022-03-20T08:18:51Z,db8a12856796dc27d2,"Fine Baby Diapers, DoubleLock Technology, Size 4, Large 7-14kg, Travel Pack, 12 Diapers (UAE)",6251001272390,,13.28,Fine,False,area,UAE,category,Baby,product_range,"Baby Diapers, DoubleLock Technology, Size 4, Large 7-14kg, Travel Pack, 12 Diapers",A1332JZWBK21YL,SEGOO,https://www.amazon.ae/gp/aag/main/ref=olp_merch_name?ie=UTF8&seller=A1332JZWBK21YL,7,0,,,,,,,,,
d18202847d9ece25d2,https://www.amazon.ae/dp/B08P4JFFGB/,https://www.amazon.ae/gp/offer-listing/B08P4JFFGB/,B08P4JFFGB,5.0,-1.0,unknown,-1,in_stock,1,direct,2,4.5,2022-03-22T14:49:12Z,2022-02-05T16:00:34Z,ba8a06856096d521d0,"Nai Nai's Hibiscus Pomegranate Rose Iced Tea, 100% Natural, Ready-to-Drink, 250ml Can (UAE)",9506000113388,,4.99,Nai,False,area,UAE,category,Nai,product_range,"Nai's Hibiscus Pomegranate Rose Iced Tea, 100% Natural, Ready-to-Drink, 250ml Can",,,,,,,,,,,,,,
d1810a837e99cc26d7,https://www.amazon.ae/dp/B08GQDMTG5/,https://www.amazon.ae/gp/offer-listing/B08GQDMTG5/,B08GQDMTG5,23.69,80.0,unknown,-1,in_stock,1,direct,36,3.8,2022-03-22T14:48:44Z,2022-03-21T17:01:44Z,ce8a06856396bd23d7,Fine Face Mask Guard Comfort Kids Orange Small (UAE),6251001317794,,,Fine,False,area,UAE,category,Fine Guard,product_range,Face Mask Guard Comfort Kids Orange Small,A4ZPMY50AWW5X,RelianceBooks UAE,https://www.amazon.ae/gp/aag/main/ref=olp_merch_name?ie=UTF8&seller=A4ZPMY50AWW5X,80,0,,,,,,,,,
d18003857f97c820dc,https://www.amazon.ae/dp/B0779DZDP2/,https://www.amazon.ae/gp/offer-listing/B0779DZDP2/,B0779DZDP2,85.0,74.74,unknown,-1,in_stock,1,direct,267,4.4,2022-03-22T14:48:27Z,2022-03-19T23:19:56Z,cf8a12857696db27d5,"Fine Baby Diapers, Size 3, Medium 4–9kg, Mega Pack, 2 packs of 84 diapers, 168 total count (UAE)",6251001269277,,140.08,Fine,False,area,UAE,category,Baby,product_range,"Baby Diapers, Size 3, Medium 4–9kg, Mega Pack, 2 packs of 84 diapers, 168 total count",A18B5MEO78PHFU,Five Brothers Trading,https://www.amazon.ae/gp/aag/main/ref=olp_merch_name?ie=UTF8&seller=A18B5MEO78PHFU,74.74,0,,,,,,,,,
d18003807c9ccd23d7,https://www.amazon.ae/dp/B0779BSC4C/,https://www.amazon.ae/gp/offer-listing/B0779BSC4C/,B0779BSC4C,87.0,-1.0,unknown,-1,in_stock,1,direct,95,4.2,2022-03-22T14:48:03Z,2022-03-18T22:56:06Z,c18a06856f99db2fdd,"Fine Baby Diapers, Size 4, Large 7–14kg, Jumbo Pack, 3 packs of 48 diapers, 144 total count (UAE)",6251001263503,,140.53,Fine,False,area,UAE,category,Baby,product_range,"Baby Diapers, Size 4, Large 7–14kg, Jumbo Pack, 3 packs of 48 diapers, 144 total count",,,,,,,,,,,,,,
d1810a837e98c827dd,https://www.amazon.ae/dp/B08WRBPGY4/,https://www.amazon.ae/gp/offer-listing/B08WRBPGY4/,B08WRBPGY4,116.37,-1.0,unknown,-1,in_stock,1,direct,-1,-1.0,2022-03-22T14:47:52Z,2022-03-21T17:00:22Z,ce8a1e856b96d821d4,"Nai Nai's Hibiscus Pomegranate Rose Iced Tea, 100% Natural, Ready-to-Drink, 473ml Glass Bottle. (12 pack) (UAE)",9506000113340,,119.41,Nai,False,area,UAE,category,Nai,product_range,"Nai's Hibiscus Pomegranate Rose Iced Tea, 100% Natural, Ready-to-Drink, 473ml Glass Bottle. (12 pack)",,,,,,,,,,,,,,
d18003887e97cf21d4,https://www.amazon.ae/dp/B083B1X84C/,https://www.amazon.ae/gp/offer-listing/B083B1X84C/,B083B1X84C,12.68,-1.0,unknown,-1,out_of_stock,5,direct,198,4.5,2022-03-22T14:47:43Z,2022-03-20T14:35:22Z,cd8a06851596c327d6,"Fine Baby Diapers, Size 2, Small 3–6kg, Economy Pack of 18 diapers (UAE)",6251001269512,,13.94,Fine,False,area,UAE,category,Baby,product_range,"Baby Diapers, Size 2, Small 3–6kg, Economy Pack of 18 diapers",,,,,,,,,,,,,,
d1810a837e98c825d4,https://www.amazon.ae/dp/B099R7M66D/,https://www.amazon.ae/gp/offer-listing/B099R7M66D/,B099R7M66D,14.95,15.95,unknown,-1,in_stock,1,direct,60,4.4,2022-03-22T14:46:59Z,2022-03-21T17:00:23Z,cf8a12857697d927d3,Fine Toilet Tissue Comfort XL 250 Sheets 2 Plies - 10 rolls (UAE),6251001316209,,22.91,Fine,False,area,UAE,category,Toilet,product_range,Toilet Tissue Comfort XL 250 Sheets 2 Plies - 10 rolls,A1JMN2DE6KYDSL,TRATOPIA GENERAL TRADING,https://www.amazon.ae/gp/aag/main/ref=olp_merch_name?ie=UTF8&seller=A1JMN2DE6KYDSL,15.95,0,,,,,,,,,
d68a0c837e9fc42fdd,https://www.amazon.ae/dp/B07G8HLVLC/,https://www.amazon.ae/gp/offer-listing/B07G8HLVLC/,B07G8HLVLC,-1.0,-1.0,unknown,-1,marketplace_only,10,no_winner,-1,-1.0,2022-03-22T14:45:04Z,2021-12-15T15:53:06Z,a58a1b856096d025d4,Fine Facial Tissues Classic 150X2 Plies (Carton of 03x8) Marvel Variety SBOD (UAE),6251001211900,,,Fine,False,area,UAE,category,Facial,product_range,Facial Tissues Classic 150X2 Plies (Carton of 03x8) Marvel Variety SBOD,,,,,,,,,,,,,,
d1820284739ece27dd,https://www.amazon.ae/dp/B08DDPBRWS/,https://www.amazon.ae/gp/offer-listing/B08DDPBRWS/,B08DDPBRWS,66.59,180.0,unknown,-1,in_stock,1,direct,55,3.2,2022-03-22T14:42:51Z,2022-02-05T17:05:34Z,ce8a11857496d022d3,"Fine Guard Adult Gloves Livinguard Technology, Infection Prevention – Size Medium (UAE)",6251001317510,,69.3,Fine,False,area,UAE,category,Fine Guard,product_range,"Guard Adult Gloves Livinguard Technology, Infection Prevention – Size Medium",A4ZPMY50AWW5X,RelianceBooks UAE,https://www.amazon.ae/gp/aag/main/ref=olp_merch_name?ie=UTF8&seller=A4ZPMY50AWW5X,180,0,,,,,,,,,
d1810a887899ce27d6,https://www.amazon.ae/dp/B00I21Y2SU/,https://www.amazon.ae/gp/offer-listing/B00I21Y2SU/,B00I21Y2SU,17.0,16.95,unknown,-1,in_stock,1,direct,294,4.3,2022-03-22T14:42:14Z,2022-03-22T14:42:14Z,c08a1c856396c324d7,"Fine Fine, Facial Tissues, Classic, 100x2 Ply White Tissues, pack of 6 boxes, 600 tissues (UAE)",6251001210101,,19.93,Fine,False,area,UAE,category,Facial,product_range,"Fine, Facial Tissues, Classic, 100x2 Ply White Tissues, pack of 6 boxes, 600 tissues",A3U3EP60XYKMGP,Goodness UAE,https://www.amazon.ae/gp/aag/main/ref=olp_merch_name?ie=UTF8&seller=A3U3EP60XYKMGP,16.95,0,,,,,,,,,
d68a0c867b9fc82fd6,https://www.amazon.ae/dp/B07KVNR7XQ/,https://www.amazon.ae/gp/offer-listing/B07KVNR7XQ/,B07KVNR7XQ,13.79,-1.0,unknown,-1,in_stock,1,direct,5,5.0,2022-03-22T14:38:10Z,2021-12-16T08:12:17Z,db8a13856f96bd21d7,"Nai Nai's Peach Mango Jasmine Iced Tea, 100% Natural, Ready-to-Drink,  473ml Glass Bottle. (12 pack) (UAE)",9506000113357,,119.41,Nai,False,area,UAE,category,Nai,product_range,"Nai's Peach Mango Jasmine Iced Tea, 100% Natural, Ready-to-Drink,  473ml Glass Bottle. (12 pack)",,,,,,,,,,,,,,
d68a0c837296cd22d7,https://www.amazon.ae/dp/B08WR8RJC4/,https://www.amazon.ae/gp/offer-listing/B08WR8RJC4/,B08WR8RJC4,9.98,-1.0,unknown,-1,in_stock,1,direct,-1,-1.0,2022-03-22T14:34:45Z,2021-12-15T18:07:03Z,c08a65857496d621d5,"Nai Nai's Moroccan Mint Lemon Tea, 100% Natural, Ready-to-Drink, 473 ml Glass Botttles (UAE)",9506000113326,,9.95,Nai,False,area,UAE,category,Nai,product_range,"Nai's Moroccan Mint Lemon Tea, 100% Natural, Ready-to-Drink, 473 ml Glass Botttles",,,,,,,,,,,,,,
d1810a88789fcd21d1,https://www.amazon.ae/dp/B0779CLLKM/,https://www.amazon.ae/gp/offer-listing/B0779CLLKM/,B0779CLLKM,62.84,114.0,unknown,-1,in_stock,1,direct,359,4.5,2022-03-22T14:33:31Z,2022-03-22T14:33:31Z,d98a07857499d92fd0,"Fine Baby Diapers, Size 6, Junior 16+ kg, Mega Pack, 3 packs of 66 diapers, 198 total count (UAE)",6251001308112,,210.99,Fine,False,area,UAE,category,Baby,product_range,"Baby Diapers, Size 6, Junior 16+ kg, Mega Pack, 3 packs of 66 diapers, 198 total count",A1332JZWBK21YL,SEGOO,https://www.amazon.ae/gp/aag/main/ref=olp_merch_name?ie=UTF8&seller=A1332JZWBK21YL,114,0,,,,,,,,,
d1810a877899cd2fd4,https://www.amazon.ae/dp/B0779CBWLJ/,https://www.amazon.ae/gp/offer-listing/B0779CBWLJ/,B0779CBWLJ,87.0,80.0,unknown,-1,in_stock,1,direct,362,4.4,2022-03-22T14:33:00Z,2022-03-22T11:26:32Z,db8a11856e96c026d6,"Fine Baby Diapers, Size 5, Maxi 11–18kg, Jumbo Pack, 3 packs of 44 diapers, 132 total count (UAE)",6251001263527,,140.53,Fine,False,area,UAE,category,Baby,product_range,"Baby Diapers, Size 5, Maxi 11–18kg, Jumbo Pack, 3 packs of 44 diapers, 132 total count",A1DID7HBNDDK30,H.A.M Shop,https://www.amazon.ae/gp/aag/main/ref=olp_merch_name?ie=UTF8&seller=A1DID7HBNDDK30,80,0,,,,,,,,,
d18308887b9bcf21d6,https://www.amazon.ae/dp/B07KVNR7XQ/,https://www.amazon.ae/gp/offer-listing/B07KVNR7XQ/,B07KVNR7XQ,13.79,-1.0,unknown,-1,in_stock,1,direct,5,5.0,2022-03-22T14:29:44Z,2022-02-14T13:31:44Z,cc8a11856f96d920dd,"Nai Nai's Peach Mango Jasmine Iced Tea, 100% Natural, Ready-to-Drink,  473ml Glass Bottle 9506000113319 (UAE)",9506000113319,,9.95,Nai,False,area,UAE,category,Nai,product_range,"Nai's Peach Mango Jasmine Iced Tea, 100% Natural, Ready-to-Drink,  473ml Glass Bottle",,,,,,,,,,,,,,
d68b0e887b9ccc24d0,https://www.amazon.ae/dp/B07CTZVMQC/,https://www.amazon.ae/gp/offer-listing/B07CTZVMQC/,B07CTZVMQC,9.98,-1.0,unknown,-1,in_stock,1,direct,12,3.9,2022-03-22T14:29:08Z,2022-01-06T10:09:45Z,c38a11856f96c120d2,"Nai Nai's Hibiscus Pomegranate Rose Iced Tea, 100% Natural, Ready-to-Drink, 473ml Glass Bottle 9506000113302 (UAE)",9506000113302,,9.95,Nai,False,area,UAE,category,Nai,product_range,"Nai's Hibiscus Pomegranate Rose Iced Tea, 100% Natural, Ready-to-Drink, 473ml Glass Bottle",,,,,,,,,,,,,,
d68b0e887b9ec52fd1,https://www.amazon.ae/dp/B07CTZVMQC/,https://www.amazon.ae/gp/offer-listing/B07CTZVMQC/,B07CTZVMQC,9.98,-1.0,unknown,-1,in_stock,1,direct,12,3.9,2022-03-22T14:26:53Z,2022-01-06T10:06:57Z,d88a13856296d62ed0,"Nai Nai's Hibiscus Pomegranate Rose Iced Tea, 100% Natural, Ready-to-Drink, 473ml Glass Bottle 9506000113104 (UAE)",9506000113104,,13.99,Nai,False,area,UAE,category,Nai,product_range,"Nai's Hibiscus Pomegranate Rose Iced Tea, 100% Natural, Ready-to-Drink, 473ml Glass Bottle",,,,,,,,,,,,,,
d1810a87789dc421d4,https://www.amazon.ae/dp/B087WWJWVW/,https://www.amazon.ae/gp/offer-listing/B087WWJWVW/,B087WWJWVW,96.12,-1.0,unknown,-1,in_stock,1,direct,-1,-1.0,2022-03-22T14:25:42Z,2022-03-22T11:20:02Z,ba8a06856296d62ed7,"Nai Nai's Ginger Apple Green Tea, 100% Natural, Ready-to-Drink, 250ml Can, 24 pack (UAE)",9506000113296,,119.7,Nai,False,area,UAE,category,Nai,product_range,"Nai's Ginger Apple Green Tea, 100% Natural, Ready-to-Drink, 250ml Can, 24 pack",,,,,,,,,,,,,,
d1810a827998ca22dd,https://www.amazon.ae/dp/B07BQQMKGX/,https://www.amazon.ae/gp/offer-listing/B07BQQMKGX/,B07BQQMKGX,35.69,46.15,unknown,-1,in_stock,1,direct,163,4.3,2022-03-22T14:24:41Z,2022-03-21T13:24:55Z,c08a04857696db26dc,"Fine Baby Diapers, Size 3, Medium 4–9kg, Jumbo Pack of 52 diapers (UAE)",6251001272178,,47.98,Fine,False,area,UAE,category,Baby,product_range,"Baby Diapers, Size 3, Medium 4–9kg, Jumbo Pack of 52 diapers",AOHTMNXF359BQ,KLIKGROCER,https://www.amazon.ae/gp/aag/main/ref=olp_merch_name?ie=UTF8&seller=AOHTMNXF359BQ,46.15,0,,,,,,,,,
d1810a887b9ac526d3,https://www.amazon.ae/dp/B07WHT97G7/,https://www.amazon.ae/gp/offer-listing/B07WHT97G7/,B07WHT97G7,3.0,-1.0,unknown,-1,in_stock,1,direct,18,4.6,2022-03-22T14:24:39Z,2022-03-22T14:24:39Z,ba8a11856397c026d4,"Fine Baby, Wet Wipes, with Aloe Vera & Chamomile Lotion, 22 wipes (UAE)",6251001225143,,4.51,Fine,False,area,UAE,category,Wet Wipes,product_range,"Baby, Wet Wipes, with Aloe Vera & Chamomile Lotion, 22 wipes",,,,,,,,,,,,,,
d1810a87789cc52edd,https://www.amazon.ae/dp/B077QW1Y75/,https://www.amazon.ae/gp/offer-listing/B077QW1Y75/,B077QW1Y75,61.06,49.88,unknown,-1,in_stock,1,direct,163,4.3,2022-03-22T14:23:23Z,2022-03-22T11:17:40Z,c38a1e850a96c327d4,"Fine Baby Diapers, Size 3, Medium 4–9kg, Mega Pack of 84 diapers (UAE)",6251001269390,,76.05,Fine,False,area,UAE,category,Baby,product_range,"Baby Diapers, Size 3, Medium 4–9kg, Mega Pack of 84 diapers",A18B5MEO78PHFU,Five Brothers Trading,https://www.amazon.ae/gp/aag/main/ref=olp_merch_name?ie=UTF8&seller=A18B5MEO78PHFU,49.88,0,,,,,,,,,
d1810a847a9bcc24d5,https://www.amazon.ae/dp/B07G8H3BCP/,https://www.amazon.ae/gp/offer-listing/B07G8H3BCP/,B07G8H3BCP,17.57,13.0,unknown,-1,in_stock,1,direct,5,4.4,2022-03-22T14:22:48Z,2022-03-21T19:48:30Z,db8a1f850a96d62fd7,"Fine Fine, Paper Towel, Mega Roll, 750 sheets, 2 Ply (UAE)",6251001225563,,28.01,Fine,False,area,UAE,category,Rolls,product_range,"Fine, Paper Towel, Mega Roll, 750 sheets, 2 Ply",A1332JZWBK21YL,SEGOO,https://www.amazon.ae/gp/aag/main/ref=olp_merch_name?ie=UTF8&seller=A1332JZWBK21YL,13,0,,,,,,,,,
d1810a83799dc925d6,https://www.amazon.ae/dp/B07NDSLJCP/,https://www.amazon.ae/gp/offer-listing/B07NDSLJCP/,B07NDSLJCP,31.11,49.0,unknown,-1,in_stock,1,direct,4,4.6,2022-03-22T14:22:30Z,2022-03-21T16:36:00Z,d98a07856299d621dd,"Fine Care Incontinence Unisex, Waist (75 - 110 cm), Medium, pack of 11 (UAE)",6251001216417,,38.35,Fine,False,area,UAE,category,Adult,product_range,"Care Incontinence Unisex, Waist (75 - 110 cm), Medium, pack of 11",A4I34LYB2IPPO,NutritionPlus,https://www.amazon.ae/gp/aag/main/ref=olp_merch_name?ie=UTF8&seller=A4I34LYB2IPPO,49,0,,,,,,,,,
d1810a87789ccb21d0,https://www.amazon.ae/dp/B0788SZ4PK/,https://www.amazon.ae/gp/offer-listing/B0788SZ4PK/,B0788SZ4PK,31.75,20.0,unknown,-1,in_stock,1,direct,83,4.3,2022-03-22T14:22:29Z,2022-03-22T11:17:14Z,cf8a1f856199c321d2,"Fine Care, Disposable Underpads, Ultrasoft Cloth-Like Top, Size 60 x 90 cm, pack of 20 (UAE)",6251001239188,,41.58,Fine,False,area,UAE,category,Adult,product_range,"Care, Disposable Underpads, Ultrasoft Cloth-Like Top, Size 60 x 90 cm, pack of 20",A1DID7HBNDDK30,H.A.M Shop,https://www.amazon.ae/gp/aag/main/ref=olp_merch_name?ie=UTF8&seller=A1DID7HBNDDK30,20,0,,,,,,,,,
d18002887399cf25dd,https://www.amazon.ae/dp/B07MNHMTFB/,https://www.amazon.ae/gp/offer-listing/B07MNHMTFB/,B07MNHMTFB,59.6,88.8,unknown,-1,in_stock,1,direct,4,5.0,2022-03-22T14:21:56Z,2022-03-18T14:39:47Z,c08a65857699d621d6,"Fine Care Incontinence Unisex Briefs, Medium, Waist (75-110 cm), Pack of 22 (UAE)",6251001216400,,73.46,Fine,False,area,UAE,category,Adult,product_range,"Care Incontinence Unisex Briefs, Medium, Waist (75-110 cm), Pack of 22",A18B5MEO78PHFU,Five Brothers Trading,https://www.amazon.ae/gp/aag/main/ref=olp_merch_name?ie=UTF8&seller=A18B5MEO78PHFU,88.8,0,,,,,,,,,
d1810a887b9cc423d3,https://www.amazon.ae/dp/B0779B4T1M/,https://www.amazon.ae/gp/offer-listing/B0779B4T1M/,B0779B4T1M,95.0,92.77,unknown,-1,in_stock,1,direct,539,4.5,2022-03-22T14:21:47Z,2022-03-22T14:21:47Z,a58a65856c96c326d0,"Fine Baby Diapers, DoubleLock Technology, Size 5, Maxi 11-18kg, Mega Pack, 140 Diapers (UAE)",6251001272352,,140.08,Fine,False,area,UAE,category,Baby,product_range,"Baby Diapers, DoubleLock Technology, Size 5, Maxi 11-18kg, Mega Pack, 140 Diapers",A3OHVYD6UTUO6A,Soloy & Co,https://www.amazon.ae/gp/aag/main/ref=olp_merch_name?ie=UTF8&seller=A3OHVYD6UTUO6A,92.77,0,,,,,,,,,
d18003877c9ece26d1,https://www.amazon.ae/dp/B077SMHB7L/,https://www.amazon.ae/gp/offer-listing/B077SMHB7L/,B077SMHB7L,51.54,66.85,unknown,-1,in_stock,1,direct,39,4.2,2022-03-22T14:20:29Z,2022-03-20T10:46:43Z,cc8a17856099c021d3,"Fine Care Incontinence Unisex Pull-ups, Waist (80 - 110 cm), Medium, pack of 14 (UAE)",6251001216509,,63.53,Fine,False,area,UAE,category,Adult,product_range,"Care Incontinence Unisex Pull-ups, Waist (80 - 110 cm), Medium, pack of 14",A38FVIKZ0XKO37,RALS hypermarket,https://www.amazon.ae/gp/aag/main/ref=olp_merch_name?ie=UTF8&seller=A38FVIKZ0XKO37,66.85,0,,,,,,,,,
d18003827896cb23d0,https://www.amazon.ae/dp/B07PJ73335/,https://www.amazon.ae/gp/offer-listing/B07PJ73335/,B07PJ73335,81.75,-1.0,unknown,-1,in_stock,1,direct,19,4.4,2022-03-22T14:20:23Z,2022-03-19T07:56:24Z,c38a65857699dc2ed4,Fine Adult Diaper Care Large (Bale of 36x3) Marvel Export (UAE),6251001239133,,114.86,Fine,False,area,UAE,category,Adult,product_range,Adult Diaper Care Large (Bale of 36x3) Marvel Export,,,,,,,,,,,,,,
d18002887a9cce27d2,https://www.amazon.ae/dp/B08N5TJB77/,https://www.amazon.ae/gp/offer-listing/B08N5TJB77/,B08N5TJB77,17.06,42.0,unknown,-1,in_stock,1,direct,43,4.2,2022-03-22T14:20:10Z,2022-03-18T11:29:46Z,cc8a65857796d623d2,Fine Hygiene solutions Guard PureHands 50 ml (Carton of 01x24) (UAE),6251001317855,,29.4,Fine,False,area,UAE,category,Fine Guard,product_range,Hygiene solutions Guard PureHands 50 ml (Carton of 01x24),A4I34LYB2IPPO,NutritionPlus,https://www.amazon.ae/gp/aag/main/ref=olp_merch_name?ie=UTF8&seller=A4I34LYB2IPPO,42,0,,,,,,,,,
d1800288739dcc23d7,https://www.amazon.ae/dp/B085F6X6KW/,https://www.amazon.ae/gp/offer-listing/B085F6X6KW/,B085F6X6KW,234.36,-1.0,unknown,-1,in_stock,1,direct,1,5.0,2022-03-22T14:18:08Z,2022-03-18T14:32:56Z,c08a12851599c32fd4,"Fine Care Incontinence Unisex Briefs, Large, Waist (110 -156 cm), Pack of 36  X 3 (UAE)",6251001309072,,344.59,Fine,False,area,UAE,category,Adult,product_range,"Care Incontinence Unisex Briefs, Large, Waist (110 -156 cm), Pack of 36  X 3",,,,,,,,,,,,,,
d1810a85789bca24d5,https://www.amazon.ae/dp/B08GQG4DNJ/,https://www.amazon.ae/gp/offer-listing/B08GQG4DNJ/,B08GQG4DNJ,23.69,80.0,unknown,-1,in_stock,1,direct,67,3.9,2022-03-22T14:16:51Z,2022-03-22T02:21:36Z,ba8a7a89639ac323d0,Fine Face Mask Fine Guard Comfort Kids Blue Small (UAE),6251001317916,,,Fine,False,area,UAE,category,Face Guard,product_range,Face Mask Fine Guard Comfort Kids Blue Small,A4ZPMY50AWW5X,RelianceBooks UAE,https://www.amazon.ae/gp/aag/main/ref=olp_merch_name?ie=UTF8&seller=A4ZPMY50AWW5X,80,0,,,,,,,,,
d18008837297cc26dc,https://www.amazon.ae/dp/B094KBPNX6/,https://www.amazon.ae/gp/offer-listing/B094KBPNX6/,B094KBPNX6,-1.0,-1.0,unknown,-1,marketplace_only,10,no_winner,4,4.7,2022-03-22T14:08:31Z,2022-03-05T14:24:09Z,c48a11856e96db22d7,Fine Facial Tissues Classic 150X2 Plies 6+2 (Carton of 08x3) SBOD W2 Variety 6251001301731 (UAE),6251001301731,,28.6,Fine,False,area,UAE,category,Facial,product_range,Facial Tissues Classic 150X2 Plies 6+2 (Carton of 08x3) SBOD W2 Variety,,,,,,,,,,,,,,
d1820e857a99c52fd3,https://www.amazon.ae/dp/B08WRB88J8/,https://www.amazon.ae/gp/offer-listing/B08WRB88J8/,B08WRB88J8,9.55,-1.0,unknown,-1,in_stock,1,direct,2,4.5,2022-03-22T14:07:10Z,2022-01-28T10:15:03Z,ce8a1f856b96d620dc,"Nai Nai's Ginger Apple Green Tea, 100% Natural, Ready-to-Drink, 473 ml Glass Bottle (UAE)",9506000113333,,9.95,Nai,False,area,UAE,category,Nai,product_range,"Nai's Ginger Apple Green Tea, 100% Natural, Ready-to-Drink, 473 ml Glass Bottle",,,,,,,,,,,,,,
d1800287739bcb25d1,https://www.amazon.ae/dp/B087X4ZWZQ/,https://www.amazon.ae/gp/offer-listing/B087X4ZWZQ/,B087X4ZWZQ,6.51,49.0,unknown,-1,in_stock,1,direct,2,3.2,2022-03-22T14:07:04Z,2022-03-18T11:16:07Z,cd8a11857496db21dd,"Nai Nai's Ginger Apple Green Tea, 100% Natural, Ready-to-Drink, 250ml Can (UAE)",9506000113258,,4.99,Nai,False,area,UAE,category,Nai,product_range,"Nai's Ginger Apple Green Tea, 100% Natural, Ready-to-Drink, 250ml Can",A15SC1UJNOXHF2,DeliWer Shopping,https://www.amazon.ae/gp/aag/main/ref=olp_merch_name?ie=UTF8&seller=A15SC1UJNOXHF2,49,0,,,,,,,,,
d1800287739dca21d1,https://www.amazon.ae/dp/B087WWM8LM/,https://www.amazon.ae/gp/offer-listing/B087WWM8LM/,B087WWM8LM,67.92,-1.0,unknown,-1,in_stock,1,direct,-1,-1.0,2022-03-22T14:06:43Z,2022-03-18T11:10:45Z,c18a11856096db2ed4,"Nai Nai's Moroccan Mint Tea, 100% Natural, Ready-to-Drink, 250ml Can, 24 pack (UAE)",9506000113289,,119.7,Nai,False,area,UAE,category,Nai,product_range,"Nai's Moroccan Mint Tea, 100% Natural, Ready-to-Drink, 250ml Can, 24 pack",,,,,,,,,,,,,,
d1800d85799fcf26dd,https://www.amazon.ae/dp/B09KH99FYC/,https://www.amazon.ae/gp/offer-listing/B09KH99FYC/,B09KH99FYC,-1.0,-1.0,unknown,-1,marketplace_only,10,no_winner,-1,-1.0,2022-03-22T14:04:58Z,2022-03-16T05:30:54Z,c08a04856796dc22d0,Fine Facial Tissues Euphoria 130X2 Plies 5 Packs + 1 Pack of Silver Oud (Carton of 06x6) Nr.1 (UAE),6251001302073,,20.75,Fine,False,area,UAE,category,Facial,product_range,Facial Tissues Euphoria 130X2 Plies 5 Packs + 1 Pack of Silver Oud (Carton of 06x6) Nr.1,,,,,,,,,,,,,,
d18002817997ca21dc,https://www.amazon.ae/dp/B087WYPBDQ/,https://www.amazon.ae/gp/offer-listing/B087WYPBDQ/,B087WYPBDQ,119.85,399.0,unknown,-1,in_stock,1,direct,-1,-1.0,2022-03-22T14:02:58Z,2022-03-17T06:21:25Z,c18a12857696d821dc,"Nai Nai's Hibiscus Pomegranate Rose Iced Tea, 100% Natural, Ready -to-Drink, 250ml Can, 24 pack (UAE)",9506000113265,,119.7,Nai,False,area,UAE,category,Nai,product_range,"Nai's Hibiscus Pomegranate Rose Iced Tea, 100% Natural, Ready -to-Drink, 250ml Can, 24 pack",A15SC1UJNOXHF2,DeliWer Shopping,https://www.amazon.ae/gp/aag/main/ref=olp_merch_name?ie=UTF8&seller=A15SC1UJNOXHF2,399,0,,,,,,,,,
d1800288729dcf20d7,https://www.amazon.ae/dp/B08QB56766/,https://www.amazon.ae/gp/offer-listing/B08QB56766/,B08QB56766,-1.0,-1.0,unknown,-1,marketplace_only,10,no_winner,14,4.7,2022-03-22T14:02:08Z,2022-03-18T14:15:49Z,a58a11857496db25dc,Fine Pocket Tissue Rx 10X3 Plies (Carton of 10x12) (UAE),6251001305029,,5.5,Fine,False,area,UAE,category,Pocket,product_range,Pocket Tissue Rx 10X3 Plies (Carton of 10x12),,,,,,,,,,,,,,
d1810a83789eca20d1,https://www.amazon.ae/dp/B099R717GB/,https://www.amazon.ae/gp/offer-listing/B099R717GB/,B099R717GB,28.32,28.32,unknown,-1,in_stock,1,direct,60,4.4,2022-03-22T14:01:10Z,2022-03-21T16:11:53Z,ce8a06856c97d627d0,"Fine Toilet paper Comfort XL 250 sheets, 2 ply 20 rolls (UAE)",6251001316230,,41.24,Fine,False,area,UAE,category,Toilet,product_range,"Toilet paper Comfort XL 250 sheets, 2 ply 20 rolls",A234Y5ZBH71X2H,AMOZANHANIF,https://www.amazon.ae/gp/aag/main/ref=olp_merch_name?ie=UTF8&seller=A234Y5ZBH71X2H,28.32,0,,,,,,,,,
d1830c837a9cce23d6,https://www.amazon.ae/dp/B08GQG4DNJ/,https://www.amazon.ae/gp/offer-listing/B08GQG4DNJ/,B08GQG4DNJ,23.69,80.0,unknown,-1,in_stock,1,direct,67,3.9,2022-03-22T13:58:56Z,2022-02-21T12:47:28Z,ba8a12857696c023d6,Fine Face Mask Guard Comfort Kids Green Small (UAE),6251001317770,,,Fine,False,area,UAE,category,Fine Guard,product_range,Face Mask Guard Comfort Kids Green Small,A4ZPMY50AWW5X,RelianceBooks UAE,https://www.amazon.ae/gp/aag/main/ref=olp_merch_name?ie=UTF8&seller=A4ZPMY50AWW5X,80,0,,,,,,,,,
d18002827b99cf20d2,https://www.amazon.ae/dp/B07NBQXCTZ/,https://www.amazon.ae/gp/offer-listing/B07NBQXCTZ/,B07NBQXCTZ,119.85,399.0,unknown,-1,in_stock,1,direct,-1,-1.0,2022-03-22T13:56:45Z,2022-03-17T09:35:09Z,c18a07856196d521d3,"Nai Nai's Peach Mango Jasmine Iced Tea, 100% Natural, Ready-to-Drink, 250ml Can (UAE)",9506000113395,,4.99,Nai,False,area,UAE,category,Nai,product_range,"Nai's Peach Mango Jasmine Iced Tea, 100% Natural, Ready-to-Drink, 250ml Can",A15SC1UJNOXHF2,DeliWer Shopping,https://www.amazon.ae/gp/aag/main/ref=olp_merch_name?ie=UTF8&seller=A15SC1UJNOXHF2,399,0,,,,,,,,,
d18002887d96c820dd,https://www.amazon.ae/dp/B085FJSFL1/,https://www.amazon.ae/gp/offer-listing/B085FJSFL1/,B085FJSFL1,111.87,-1.0,unknown,-1,in_stock,1,direct,-1,-1.0,2022-03-22T13:53:45Z,2022-03-18T14:06:39Z,c88a11856b99d42edd,"Fine Care Incontinence Unisex Briefs, Medium, Waist (75-110 cm), Pack of 11 X 4 (UAE)",6251001309041,,154.21,Fine,False,area,UAE,category,Adult,product_range,"Care Incontinence Unisex Briefs, Medium, Waist (75-110 cm), Pack of 11 X 4",,,,,,,,,,,,,,
d1810a837b98c521d0,https://www.amazon.ae/dp/B07BQQD3NT/,https://www.amazon.ae/gp/offer-listing/B07BQQD3NT/,B07BQQD3NT,24.0,44.99,unknown,-1,in_stock,1,direct,163,4.3,2022-03-22T13:52:18Z,2022-03-21T16:04:57Z,d88a11851596d726d2,"Fine Baby Diapers, Size 3, Medium 4–9kg, Economy Pack of 36 diapers (UAE)",6251001263299,,29.7,Fine,False,area,UAE,category,Baby,product_range,"Baby Diapers, Size 3, Medium 4–9kg, Economy Pack of 36 diapers",A2JOJROCHSDWU0,Easy Online Shopping Store FZE - LLC,https://www.amazon.ae/gp/aag/main/ref=olp_merch_name?ie=UTF8&seller=A2JOJROCHSDWU0,44.99,0,,,,,,,,,
d18002867f9ece25d4,https://www.amazon.ae/dp/B0948F1ZK1/,https://www.amazon.ae/gp/offer-listing/B0948F1ZK1/,B0948F1ZK1,202.14,-1.0,unknown,-1,in_stock,1,direct,5,5.0,2022-03-22T13:48:49Z,2022-03-18T04:59:13Z,d98a7a856e96a22fd1,Fine Motiva ImmunoBooster 25ml (UAE),6251001317671,,220.01,Fine,False,area,UAE,category,Supplements,product_range,Motiva ImmunoBooster 25ml,,,,,,,,,,,,,,
d18002877298cc25d6,https://www.amazon.ae/dp/B094857FNZ/,https://www.amazon.ae/gp/offer-listing/B094857FNZ/,B094857FNZ,229.69,-1.0,unknown,-1,in_stock,1,direct,3,5.0,2022-03-22T13:48:23Z,2022-03-18T10:53:37Z,db8a7a856c96c12fd0,Fine Motiva NeuroBooster 150g (UAE),6251001317688,,250.01,Fine,False,area,UAE,category,Supplements,product_range,Motiva NeuroBooster 150g,,,,,,,,,,,,,,
d1810a837b9acc24d2,https://www.amazon.ae/dp/B07G8MV79W/,https://www.amazon.ae/gp/offer-listing/B07G8MV79W/,B07G8MV79W,13.2,10.45,unknown,-1,in_stock,1,direct,183,3.9,2022-03-22T13:47:50Z,2022-03-21T16:00:21Z,cc8a1b856f96d62edc,"Fine Fine, Paper Towel, Mega Roll, 325 meters, 1500 sheets (UAE)",6251001221336,,15.71,Fine,False,area,UAE,category,Rolls,product_range,"Fine, Paper Towel, Mega Roll, 325 meters, 1500 sheets",A1JMN2DE6KYDSL,TRATOPIA GENERAL TRADING,https://www.amazon.ae/gp/aag/main/ref=olp_merch_name?ie=UTF8&seller=A1JMN2DE6KYDSL,10.45,0,,,,,,,,,
d1810a87739ec926d3,https://www.amazon.ae/dp/B09B6F6JG6/,https://www.amazon.ae/gp/offer-listing/B09B6F6JG6/,B09B6F6JG6,29.25,17.0,unknown,-1,in_stock,1,direct,19,4.4,2022-03-22T13:46:27Z,2022-03-22T13:46:27Z,c38a11856f97c027d6,Fine Toilet Tissue Comfort 180 Sheets 2 Plies - 24 rolls (UAE),6251001310689,,34.9,Fine,False,area,UAE,category,Toilet,product_range,Toilet Tissue Comfort 180 Sheets 2 Plies - 24 rolls,A1DID7HBNDDK30,H.A.M Shop,https://www.amazon.ae/gp/aag/main/ref=olp_merch_name?ie=UTF8&seller=A1DID7HBNDDK30,17,0,,,,,,,,,
d68b0e837998cd21d5,https://www.amazon.ae/dp/B084PT13Z2/,https://www.amazon.ae/gp/offer-listing/B084PT13Z2/,B084PT13Z2,13.13,-1.0,unknown,-1,in_stock,1,direct,7,5.0,2022-03-22T13:45:27Z,2022-01-05T06:15:30Z,cc8a10857696bd25d6,"Fine RX, Facial Tissues, 50X3 Ply Twin Pack (UAE)",6251001300598,,12.47,Fine,False,area,UAE,category,Facial,product_range,"RX, Facial Tissues, 50X3 Ply Twin Pack",,,,,,,,,,,,,,
d1800380739bcb20d3,https://www.amazon.ae/dp/B0779BSC4C/,https://www.amazon.ae/gp/offer-listing/B0779BSC4C/,B0779BSC4C,87.0,-1.0,unknown,-1,in_stock,1,direct,95,4.2,2022-03-22T13:43:36Z,2022-03-19T00:56:43Z,c18a65857799d62fdc,"Fine Baby Diapers, Size 4, Large 7–14kg, Jumbo Pack of 48 diapers (UAE)",6251001263497,,47.98,Fine,False,area,UAE,category,Baby,product_range,"Baby Diapers, Size 4, Large 7–14kg, Jumbo Pack of 48 diapers",,,,,,,,,,,,,,
d18308887b9dcd25d6,https://www.amazon.ae/dp/B08MWQFQK6/,https://www.amazon.ae/gp/offer-listing/B08MWQFQK6/,B08MWQFQK6,39.0,85.0,unknown,-1,in_stock,1,direct,-1,-1.0,2022-03-22T13:43:03Z,2022-02-14T13:23:37Z,ba8a1c856396dc23d3,Fine ShoeWipes Guard 16 Sheets 1 Ply (carton of 01x24) (UAE),6251001317558,,39,Fine,False,area,UAE,category,Fine Guard,product_range,ShoeWipes Guard 16 Sheets 1 Ply (carton of 01x24),A2XGIX6V22EKI0,Masur enterprises,https://www.amazon.ae/gp/aag/main/ref=olp_merch_name?ie=UTF8&seller=A2XGIX6V22EKI0,85,0,,,,,,,,,
d18202847f9cc82fd6,https://www.amazon.ae/dp/B08DDPBRWS/,https://www.amazon.ae/gp/offer-listing/B08DDPBRWS/,B08DDPBRWS,66.59,180.0,unknown,-1,in_stock,1,direct,55,3.2,2022-03-22T13:42:14Z,2022-02-05T15:01:14Z,c48a17851596bd22d2,"Fine Guard Adult Gloves Livinguard Technology, Infection Prevention – Size Large (UAE)",6251001317527,,69.3,Fine,False,area,UAE,category,Fine Guard,product_range,"Guard Adult Gloves Livinguard Technology, Infection Prevention – Size Large",A4ZPMY50AWW5X,RelianceBooks UAE,https://www.amazon.ae/gp/aag/main/ref=olp_merch_name?ie=UTF8&seller=A4ZPMY50AWW5X,180,0,,,,,,,,,
d1810a837b9ecb21d6,https://www.amazon.ae/dp/B099R8NZBD/,https://www.amazon.ae/gp/offer-listing/B099R8NZBD/,B099R8NZBD,17.68,18.1,unknown,-1,in_stock,1,direct,18,4.7,2022-03-22T13:41:55Z,2022-03-21T15:53:35Z,d88a13856097d624d5,Fine Towel Household Super Towel PRO 60 Sheets 3 Plies - 6 rolls (UAE),6251001310580,,21.41,Fine,False,area,UAE,category,Towel,product_range,Towel Household Super Towel PRO 60 Sheets 3 Plies - 6 rolls,ASMB3P7JJ8336,Discount oze,https://www.amazon.ae/gp/aag/main/ref=olp_merch_name?ie=UTF8&seller=ASMB3P7JJ8336,18.1,0,,,,,,,,,
d1810a837b9ecf2ed1,https://www.amazon.ae/dp/B076T46JMP/,https://www.amazon.ae/gp/offer-listing/B076T46JMP/,B076T46JMP,3.04,4.0,unknown,-1,in_stock,1,direct,98,4.3,2022-03-22T13:41:01Z,2022-03-21T15:52:50Z,cc8a11856096c12fdd,Fine Towel interfolded (2X More Absorbent) Sterilized 150 Sheets 2 Ply (UAE),6253500499018,,3.98,Fine,False,area,UAE,category,Towel,product_range,Towel interfolded (2X More Absorbent) Sterilized 150 Sheets 2 Ply,A1N4MRLMKZ3MHD,Afrıcanwood,https://www.amazon.ae/gp/aag/main/ref=olp_merch_name?ie=UTF8&seller=A1N4MRLMKZ3MHD,4,0,,,,,,,,,
d18002887d9ec822dc,https://www.amazon.ae/dp/B07T4Z1RZV/,https://www.amazon.ae/gp/offer-listing/B07T4Z1RZV/,B07T4Z1RZV,25.7,44.99,unknown,-1,in_stock,1,direct,21,3.5,2022-03-22T13:40:55Z,2022-03-18T13:52:01Z,a58a1c851599d42fd2,"Fine Baby Diapers, Size 4, Large 7–14kg, Economy Pack of 30 diapers (UAE)",6251001263312,,29.7,Fine,False,area,UAE,category,Baby,product_range,"Baby Diapers, Size 4, Large 7–14kg, Economy Pack of 30 diapers",A2JOJROCHSDWU0,Easy Online Shopping Store FZE - LLC,https://www.amazon.ae/gp/aag/main/ref=olp_merch_name?ie=UTF8&seller=A2JOJROCHSDWU0,44.99,0,,,,,,,,,
d1800380739aca2fdc,https://www.amazon.ae/dp/B07PFPM6TM/,https://www.amazon.ae/gp/offer-listing/B07PFPM6TM/,B07PFPM6TM,34.0,45.0,unknown,-1,in_stock,1,direct,362,4.4,2022-03-22T13:40:45Z,2022-03-19T00:53:53Z,db8a7a856196d926d1,"Fine Baby Diapers, Size 5, Maxi 11–18kg, Jumbo Pack of 44 diapers (UAE)",6251001263510,,47.98,Fine,False,area,UAE,category,Baby,product_range,"Baby Diapers, Size 5, Maxi 11–18kg, Jumbo Pack of 44 diapers",A2W88GP3F36I5W,Snouber Trading,https://www.amazon.ae/gp/aag/main/ref=olp_merch_name?ie=UTF8&seller=A2W88GP3F36I5W,45,0,,,,,,,,,
d1810a837a97ca25d3,https://www.amazon.ae/dp/B0876F853B/,https://www.amazon.ae/gp/offer-listing/B0876F853B/,B0876F853B,21.84,-1.0,unknown,-1,in_stock,1,direct,732,3.8,2022-03-22T13:39:50Z,2022-03-21T15:51:50Z,a58a1c856b96d423d5,"Fine Guard Comfort Adult Face Mask with virus-killing Livinguard Technology, – Size Medium (UAE)",6251001317572,,,Fine,False,area,UAE,category,Fine Guard,product_range,"Guard Comfort Adult Face Mask with virus-killing Livinguard Technology, – Size Medium",,,,,,,,,,,,,,
d18002877a99ca27d0,https://www.amazon.ae/dp/B0779CL2SR/,https://www.amazon.ae/gp/offer-listing/B0779CL2SR/,B0779CL2SR,101.32,160.0,unknown,-1,in_stock,1,direct,198,4.5,2022-03-22T13:39:24Z,2022-03-18T07:45:25Z,c88a1b856096bd27d0,"Fine Baby Diapers, Size 2, Small 3-6 Kgs, Jumbo Pack, 204 total count (UAE)",6251001272338,,128.91,Fine,False,area,UAE,category,Baby,product_range,"Baby Diapers, Size 2, Small 3-6 Kgs, Jumbo Pack, 204 total count",A3QT3A6WQ1E7YO,1 Click shop,https://www.amazon.ae/gp/aag/main/ref=olp_merch_name?ie=UTF8&seller=A3QT3A6WQ1E7YO,160,0,,,,,,,,,
d18302867d9aca27dc,https://www.amazon.ae/dp/B08FMYDGTN/,https://www.amazon.ae/gp/offer-listing/B08FMYDGTN/,B08FMYDGTN,37.15,135.0,unknown,-1,in_stock,1,direct,70,3.8,2022-03-22T13:39:13Z,2022-02-26T02:31:58Z,cd8a65857696db22dd,"Fine Guard Sports Anti-Viral Face Mask, Olympian Endorsed, Running, Gym, Fitness, Yoga, Cycling [2 x Reusable masks per pack| Medium (UAE)",6251001317695,,,Fine,False,area,UAE,category,Fine Guard,product_range,"Guard Sports Anti-Viral Face Mask, Olympian Endorsed, Running, Gym, Fitness, Yoga, Cycling [2 x Reusable masks per pack| Medium",A4ZPMY50AWW5X,RelianceBooks UAE,https://www.amazon.ae/gp/aag/main/ref=olp_merch_name?ie=UTF8&seller=A4ZPMY50AWW5X,135,0,,,,,,,,,
d18002827a99ca27d3,https://www.amazon.ae/dp/B08WJMTK67/,https://www.amazon.ae/gp/offer-listing/B08WJMTK67/,B08WJMTK67,-1.0,-1.0,unknown,-1,marketplace_only,10,no_winner,8,3.9,2022-03-22T13:39:12Z,2022-03-17T09:13:17Z,c08a17857496bd25dd,Fine Toilet Tissue Escape Vanilla Lavender 150 Sheets 3 Plies(Bale of 06x6) (UAE),6251001310702,,10.5,Fine,False,area,UAE,category,Toilet,product_range,Toilet Tissue Escape Vanilla Lavender 150 Sheets 3 Plies(Bale of 06x6),,,,,,,,,,,,,,
d18003827b9ecd23d4,https://www.amazon.ae/dp/B08X58DPK4/,https://www.amazon.ae/gp/offer-listing/B08X58DPK4/,B08X58DPK4,43.6,-1.0,unknown,-1,in_stock,1,direct,6,3.6,2022-03-22T13:38:43Z,2022-03-19T07:15:34Z,c08a7a857496db20d3,Fine Guard Disinfectants Guard FabricBooster 150 (Carton of 01x12) (UAE),6251001320091,,49.04,Fine,False,area,UAE,category,Fine Guard,product_range,Guard Disinfectants Guard FabricBooster 150 (Carton of 01x12),,,,,,,,,,,,,,
d1800c837997c421d0,https://www.amazon.ae/dp/B0991BLX54/,https://www.amazon.ae/gp/offer-listing/B0991BLX54/,B0991BLX54,44.72,-1.0,unknown,-1,in_stock,1,direct,5,4.5,2022-03-22T13:38:34Z,2022-03-13T15:15:02Z,c88a1c856196d920d0,Fine Guard Travel Safe Kit - 1 x Comfort (L) 1 x Ultrawipes (16) and 1 x Purehands (UAE),6251001321425,,69.9,Fine,False,area,UAE,category,Fine Guard,product_range,Guard Travel Safe Kit - 1 x Comfort (L) 1 x Ultrawipes (16) and 1 x Purehands,,,,,,,,,,,,,,
d1810a877a9bce27d0,https://www.amazon.ae/dp/B099R9BZKQ/,https://www.amazon.ae/gp/offer-listing/B099R9BZKQ/,B099R9BZKQ,32.44,26.0,unknown,-1,in_stock,1,direct,59,4.5,2022-03-22T13:38:27Z,2022-03-22T10:36:45Z,ce8a17850a97c027d5,"Fine Toilet paper Deluxe 140 sheets, 3 ply 24 rolls (UAE)",6251001310443,,48.33,Fine,False,area,UAE,category,Toilet,product_range,"Toilet paper Deluxe 140 sheets, 3 ply 24 rolls",A1DID7HBNDDK30,H.A.M Shop,https://www.amazon.ae/gp/aag/main/ref=olp_merch_name?ie=UTF8&seller=A1DID7HBNDDK30,26,0,,,,,,,,,
d1810a837a96c421d2,https://www.amazon.ae/dp/B08WJMSCF2/,https://www.amazon.ae/gp/offer-listing/B08WJMSCF2/,B08WJMSCF2,7.15,22.99,unknown,-1,in_stock,1,direct,3,3.4,2022-03-22T13:38:26Z,2022-03-21T15:50:06Z,d88a7a856396d82fdc,Fine Towel Household Duetto 80 Sheets 3 Plies(Bale of 02x10) SBOD (UAE),6251001317251,,10.49,Fine,False,area,UAE,category,Towel,product_range,Towel Household Duetto 80 Sheets 3 Plies(Bale of 02x10) SBOD,ATFVYC4Y1Y53Y,Sky Trades,https://www.amazon.ae/gp/aag/main/ref=olp_merch_name?ie=UTF8&seller=ATFVYC4Y1Y53Y,22.99,0,,,,,,,,,
d1800c867399ce20dc,https://www.amazon.ae/dp/B094JSVWHY/,https://www.amazon.ae/gp/offer-listing/B094JSVWHY/,B094JSVWHY,230.37,220.0,unknown,-1,in_stock,1,direct,-1,-1.0,2022-03-22T13:38:10Z,2022-03-14T11:54:03Z,c38a11850a96c320d4,Fine Laundry Hygiene FineGuard SteriWash 500 gm (Carton of 01x20) (UAE),6251001317831,,229.01,Fine,False,area,UAE,category,Fine Guard,product_range,Laundry Hygiene FineGuard SteriWash 500 gm (Carton of 01x20),A7ZYPG67HNF2D,EMAAM,https://www.amazon.ae/gp/aag/main/ref=olp_merch_name?ie=UTF8&seller=A7ZYPG67HNF2D,220,0,,,,,,,,,
d18003877e98cf23d2,https://www.amazon.ae/dp/B07FPMBL4S/,https://www.amazon.ae/gp/offer-listing/B07FPMBL4S/,B07FPMBL4S,27.0,39.45,unknown,-1,in_stock,1,direct,26,4.1,2022-03-22T13:37:59Z,2022-03-20T10:05:29Z,d88a06856b99d82fd7,"Fine Baby Diapers, Size 6, Junior 16+ kg, Economy Pack of 24 diapers (UAE)",6251001263350,,29.7,Fine,False,area,UAE,category,Baby,product_range,"Baby Diapers, Size 6, Junior 16+ kg, Economy Pack of 24 diapers",A38FVIKZ0XKO37,RALS hypermarket,https://www.amazon.ae/gp/aag/main/ref=olp_merch_name?ie=UTF8&seller=A38FVIKZ0XKO37,39.45,0,,,,,,,,,
d1810a87729bc821d2,https://www.amazon.ae/dp/B08FMYDTHB/,https://www.amazon.ae/gp/offer-listing/B08FMYDTHB/,B08FMYDTHB,36.95,33.0,unknown,-1,in_stock,1,direct,111,3.9,2022-03-22T13:37:40Z,2022-03-22T13:37:40Z,cd8a10856b96d922dc,"Fine Guard Sports Anti-Viral Face Mask, Olympian Endorsed, Running, Gym, Fitness, Yoga, Cycling [2 x Reusable masks per pack| Large (UAE)",6251001317718,,154.31,Fine,False,area,UAE,category,Fine Guard,product_range,"Guard Sports Anti-Viral Face Mask, Olympian Endorsed, Running, Gym, Fitness, Yoga, Cycling [2 x Reusable masks per pack| Large",A1332JZWBK21YL,SEGOO,https://www.amazon.ae/gp/aag/main/ref=olp_merch_name?ie=UTF8&seller=A1332JZWBK21YL,33,0,,,,,,,,,
d1810a87729bce21d3,https://www.amazon.ae/dp/B099R7HB37/,https://www.amazon.ae/gp/offer-listing/B099R7HB37/,B099R7HB37,15.78,8.0,unknown,-1,in_stock,1,direct,19,4.4,2022-03-22T13:37:13Z,2022-03-22T13:37:13Z,d88a13856197d827d7,"Fine Toilet paper Comfort 180 sheets, 2 ply 12 rolls (UAE)",6251001310467,,19.9,Fine,False,area,UAE,category,Toilet,product_range,"Toilet paper Comfort 180 sheets, 2 ply 12 rolls",A1DID7HBNDDK30,H.A.M Shop,https://www.amazon.ae/gp/aag/main/ref=olp_merch_name?ie=UTF8&seller=A1DID7HBNDDK30,8,0,,,,,,,,,
d18003877e9bc422d4,https://www.amazon.ae/dp/B083ZNM2N6/,https://www.amazon.ae/gp/offer-listing/B083ZNM2N6/,B083ZNM2N6,12.2,9.0,unknown,-1,in_stock,1,direct,163,4.3,2022-03-22T13:37:09Z,2022-03-20T10:04:20Z,a58a1e856196d527dc,"Fine Baby Diapers, DoubleLock Technology, Size 3, Medium 4-9kg, Travel Pack, 13 Diapers (UAE)",6251001272376,,13.28,Fine,False,area,UAE,category,Baby,product_range,"Baby Diapers, DoubleLock Technology, Size 3, Medium 4-9kg, Travel Pack, 13 Diapers",A1332JZWBK21YL,SEGOO,https://www.amazon.ae/gp/aag/main/ref=olp_merch_name?ie=UTF8&seller=A1332JZWBK21YL,9,0,,,,,,,,,
d1810a837a96cf20d5,https://www.amazon.ae/dp/B0779CFQH5/,https://www.amazon.ae/gp/offer-listing/B0779CFQH5/,B0779CFQH5,91.0,95.0,unknown,-1,in_stock,1,direct,576,4.4,2022-03-22T13:36:37Z,2022-03-21T15:48:29Z,c38a11856796bd26d5,"Fine Baby Diapers, Size 4, Large 7–14kg, Mega Pack, 2 packs of 74 diapers, 148 total count (UAE)",6251001269284,,140.08,Fine,False,area,UAE,category,Baby,product_range,"Baby Diapers, Size 4, Large 7–14kg, Mega Pack, 2 packs of 74 diapers, 148 total count",A2A2MR0Q40PTMZ,Markhor trading LLC,https://www.amazon.ae/gp/aag/main/ref=olp_merch_name?ie=UTF8&seller=A2A2MR0Q40PTMZ,95,0,,,,,,,,,
d1810a877a9ace25d7,https://www.amazon.ae/dp/B099R84NC1/,https://www.amazon.ae/gp/offer-listing/B099R84NC1/,B099R84NC1,21.22,23.99,unknown,-1,in_stock,1,direct,28,4.5,2022-03-22T13:35:04Z,2022-03-22T10:33:54Z,c38a06857497a227dc,Fine Towel Household Super Towel Pro 60 sheets 3ply 8 rolls (UAE),6251001310603,,31.15,Fine,False,area,UAE,category,Towel,product_range,Towel Household Super Towel Pro 60 sheets 3ply 8 rolls,A1JMN2DE6KYDSL,TRATOPIA GENERAL TRADING,https://www.amazon.ae/gp/aag/main/ref=olp_merch_name?ie=UTF8&seller=A1JMN2DE6KYDSL,23.99,0,,,,,,,,,
d18003837997ca20d4,https://www.amazon.ae/dp/B0779F3C2F/,https://www.amazon.ae/gp/offer-listing/B0779F3C2F/,B0779F3C2F,53.15,45.99,unknown,-1,in_stock,1,direct,122,4.2,2022-03-22T13:34:35Z,2022-03-19T13:07:15Z,cf8a1c856196d626d4,"Fine Baby Diapers, Size 4, Large 7–14kg, Mega Pack of 74 diapers (UAE)",6251001269406,,76.05,Fine,False,area,UAE,category,Baby,product_range,"Baby Diapers, Size 4, Large 7–14kg, Mega Pack of 74 diapers",A1664PCWVD05Q0,Nepashop,https://www.amazon.ae/gp/aag/main/ref=olp_merch_name?ie=UTF8&seller=A1664PCWVD05Q0,45.99,0,,,,,,,,,
d1810a867897c92fd2,https://www.amazon.ae/dp/B07BQQFWY1/,https://www.amazon.ae/gp/offer-listing/B07BQQFWY1/,B07BQQFWY1,27.79,44.99,unknown,-1,in_stock,1,direct,362,4.4,2022-03-22T13:33:37Z,2022-03-22T07:28:43Z,d88a65856f96d426d7,"Fine Baby Diapers, Size 5, Maxi 11–18kg, Economy Pack of 26 diapers (UAE)",6251001263336,,29.7,Fine,False,area,UAE,category,Baby,product_range,"Baby Diapers, Size 5, Maxi 11–18kg, Economy Pack of 26 diapers",A2JOJROCHSDWU0,Easy Online Shopping Store FZE - LLC,https://www.amazon.ae/gp/aag/main/ref=olp_merch_name?ie=UTF8&seller=A2JOJROCHSDWU0,44.99,0,,,,,,,,,
d1810a87729dce26d2,https://www.amazon.ae/dp/B07P75T9PY/,https://www.amazon.ae/gp/offer-listing/B07P75T9PY/,B07P75T9PY,31.95,19.0,unknown,-1,in_stock,1,direct,99,4.5,2022-03-22T13:33:18Z,2022-03-22T13:33:18Z,db8a7a856396d52fd6,"Fine Fine, Paper Towel, Mega Roll, 750 Sheets, 2 Ply - Pack of 2 (UAE)",6251001317091,,50.82,Fine,False,area,UAE,category,Rolls,product_range,"Fine, Paper Towel, Mega Roll, 750 Sheets, 2 Ply - Pack of 2",A1332JZWBK21YL,SEGOO,https://www.amazon.ae/gp/aag/main/ref=olp_merch_name?ie=UTF8&seller=A1332JZWBK21YL,19,0,,,,,,,,,
d1810a807d9eca21d3,https://www.amazon.ae/dp/B099R7WSRX/,https://www.amazon.ae/gp/offer-listing/B099R7WSRX/,B099R7WSRX,12.68,6.0,unknown,-1,in_stock,1,direct,5,5.0,2022-03-22T13:33:13Z,2022-03-21T05:51:50Z,c48a04856297d827dd,Fine Towel Household Super Towel Pro 60 sheets 3ply - 4 rolls (UAE),6251001310566,,17.7,Fine,False,area,UAE,category,Towel,product_range,Towel Household Super Towel Pro 60 sheets 3ply - 4 rolls,A1332JZWBK21YL,SEGOO,https://www.amazon.ae/gp/aag/main/ref=olp_merch_name?ie=UTF8&seller=A1332JZWBK21YL,6,0,,,,,,,,,
d18003877e9ac421dc,https://www.amazon.ae/dp/B083B1GKRP/,https://www.amazon.ae/gp/offer-listing/B083B1GKRP/,B083B1GKRP,13.0,10.0,unknown,-1,in_stock,1,direct,362,4.4,2022-03-22T13:32:54Z,2022-03-20T10:01:01Z,ce8a1b856196d727dd,"Fine Baby Diapers, DoubleLock Technology, Size 5, Maxi 11-18kg, Travel Pack, 11 Diapers (UAE)",6251001272253,,13.28,Fine,False,area,UAE,category,Baby,product_range,"Baby Diapers, DoubleLock Technology, Size 5, Maxi 11-18kg, Travel Pack, 11 Diapers",A1332JZWBK21YL,SEGOO,https://www.amazon.ae/gp/aag/main/ref=olp_merch_name?ie=UTF8&seller=A1332JZWBK21YL,10,0,,,,,,,,,
d1810a87729cc520d3,https://www.amazon.ae/dp/B07BQQJX8H/,https://www.amazon.ae/gp/offer-listing/B07BQQJX8H/,B07BQQJX8H,22.46,37.2,unknown,-1,in_stock,1,direct,198,4.5,2022-03-22T13:32:32Z,2022-03-22T13:32:32Z,a58a06857796d827d3,"Fine Baby Diapers, DoubleLock Technology, Size 2, Small 3–6kg, 40 Diapers (UAE)",6251001263275,,29.7,Fine,False,area,UAE,category,Baby,product_range,"Baby Diapers, DoubleLock Technology, Size 2, Small 3–6kg, 40 Diapers",A38FVIKZ0XKO37,RALS hypermarket,https://www.amazon.ae/gp/aag/main/ref=olp_merch_name?ie=UTF8&seller=A38FVIKZ0XKO37,37.2,0,,,,,,,,,
d18003877e9aca2fdc,https://www.amazon.ae/dp/B07BQNHB1N/,https://www.amazon.ae/gp/offer-listing/B07BQNHB1N/,B07BQNHB1N,43.0,52.9,unknown,-1,in_stock,1,direct,18,4.3,2022-03-22T13:32:09Z,2022-03-20T10:00:27Z,c38a13856799d62fd6,"Fine Baby Diaper Baby Green JUN, Size 6 Jumbo Pack MBG - 36 diapers (UAE)",6251001263534,,49.88,Fine,False,area,UAE,category,Baby,product_range,"Baby Diaper Baby Green JUN, Size 6 Jumbo Pack MBG - 36 diapers",A38FVIKZ0XKO37,RALS hypermarket,https://www.amazon.ae/gp/aag/main/ref=olp_merch_name?ie=UTF8&seller=A38FVIKZ0XKO37,52.9,0,,,,,,,,,
d1810a837a98cd23d6,https://www.amazon.ae/dp/B099R7MG8X/,https://www.amazon.ae/gp/offer-listing/B099R7MG8X/,B099R7MG8X,6.66,3.0,unknown,-1,in_stock,1,direct,3,4.6,2022-03-22T13:32:05Z,2022-03-21T15:43:46Z,cd8a7a857797db27d2,Fine Towel Household Super Towel Pro 60 sheets 3ply - 2 rolls (UAE),6251001310542,,9.83,Fine,False,area,UAE,category,Towel,product_range,Towel Household Super Towel Pro 60 sheets 3ply - 2 rolls,A1Y4F7JLCELVX9,ajkstore,https://www.amazon.ae/gp/aag/main/ref=olp_merch_name?ie=UTF8&seller=A1Y4F7JLCELVX9,3,0,,,,,,,,,
d1810a877a9dcd25d4,https://www.amazon.ae/dp/B07FPP77S5/,https://www.amazon.ae/gp/offer-listing/B07FPP77S5/,B07FPP77S5,27.37,23.0,unknown,-1,in_stock,1,direct,198,4.5,2022-03-22T13:31:33Z,2022-03-22T10:30:27Z,a58a1c857496d827d1,"Fine Baby Diapers, Size 2, Small 3–6kg, Jumbo Pack of 68 diapers (UAE)",6251001272161,,44.47,Fine,False,area,UAE,category,Baby,product_range,"Baby Diapers, Size 2, Small 3–6kg, Jumbo Pack of 68 diapers",A1DID7HBNDDK30,H.A.M Shop,https://www.amazon.ae/gp/aag/main/ref=olp_merch_name?ie=UTF8&seller=A1DID7HBNDDK30,23,0,,,,,,,,,
d18003877e9acb23d7,https://www.amazon.ae/dp/B07W4LFYYP/,https://www.amazon.ae/gp/offer-listing/B07W4LFYYP/,B07W4LFYYP,15.71,7.0,unknown,-1,in_stock,1,direct,-1,-1.0,2022-03-22T13:31:13Z,2022-03-20T09:59:49Z,cd8a11856b97d626d6,"Fine Baby, Wet Wipes Baby 054 Sheets 1 Ply2+1 free (Carton of 03x4) (UAE)",6251001225181,,21.6,Fine,False,area,UAE,category,Wet Wipes,product_range,"Baby, Wet Wipes Baby 054 Sheets 1 Ply2+1 free (Carton of 03x4)",A1332JZWBK21YL,SEGOO,https://www.amazon.ae/gp/aag/main/ref=olp_merch_name?ie=UTF8&seller=A1332JZWBK21YL,7,0,,,,,,,,,
d18003877e9acb25dd,https://www.amazon.ae/dp/B076GQP38J/,https://www.amazon.ae/gp/offer-listing/B076GQP38J/,B076GQP38J,10.81,14.9,unknown,-1,in_stock,1,direct,170,3.9,2022-03-22T13:31:06Z,2022-03-20T09:59:46Z,d98a17856f96d427d7,"Fine Baby Diapers, Size 1, Newborn of 21 diapers (UAE)",6251001263251,,12.99,Fine,False,area,UAE,category,Baby,product_range,"Baby Diapers, Size 1, Newborn of 21 diapers",A38FVIKZ0XKO37,RALS hypermarket,https://www.amazon.ae/gp/aag/main/ref=olp_merch_name?ie=UTF8&seller=A38FVIKZ0XKO37,14.9,0,,,,,,,,,
d18002887c98cd25d2,https://www.amazon.ae/dp/B09B6GRQTH/,https://www.amazon.ae/gp/offer-listing/B09B6GRQTH/,B09B6GRQTH,32.36,-1.0,unknown,-1,in_stock,1,direct,19,4.4,2022-03-22T13:30:37Z,2022-03-18T13:42:45Z,cf8a1f857497bd27d1,Fine Toilet Tissue Comfort 180 Sheets 2 Plies - 32 rolls (UAE),6251001310764,,40.89,Fine,False,area,UAE,category,Toilet,product_range,Toilet Tissue Comfort 180 Sheets 2 Plies - 32 rolls,,,,,,,,,,,,,,
d1810a83729acc2fdc,https://www.amazon.ae/dp/B0873RQ8L6/,https://www.amazon.ae/gp/offer-listing/B0873RQ8L6/,B0873RQ8L6,23.5,23.48,unknown,-1,in_stock,1,direct,1285,3.7,2022-03-22T13:27:45Z,2022-03-21T18:51:34Z,a58a10857696d923d4,"Fine Guard Comfort Adult Face Mask with virus-killing Livinguard Technology, – Size Large (UAE)",6251001317589,,,Fine,False,area,UAE,category,Fine Guard,product_range,"Guard Comfort Adult Face Mask with virus-killing Livinguard Technology, – Size Large",A1PAGF017E29RF,LAARich Store,https://www.amazon.ae/gp/aag/main/ref=olp_merch_name?ie=UTF8&seller=A1PAGF017E29RF,23.48,0,,,,,,,,,
d1800385729bce27d5,https://www.amazon.ae/dp/B01MV2NXBB/,https://www.amazon.ae/gp/offer-listing/B01MV2NXBB/,B01MV2NXBB,92.4,-1.0,unknown,-1,in_stock,1,direct,163,4.3,2022-03-22T13:27:31Z,2022-03-20T01:04:12Z,c38a07856e96d426dd,"Fine Baby Diapers, Size 3, Medium 4–9kg, Jumbo Pack, 3 packs of 52 diapers, 156 total count (UAE)",6251001272345,,140.46,Fine,False,area,UAE,category,Baby,product_range,"Baby Diapers, Size 3, Medium 4–9kg, Jumbo Pack, 3 packs of 52 diapers, 156 total count",,,,,,,,,,,,,,
d1810a87729ec920d0,https://www.amazon.ae/dp/B077QWRZGN/,https://www.amazon.ae/gp/offer-listing/B077QWRZGN/,B077QWRZGN,59.55,53.0,unknown,-1,in_stock,1,direct,185,4.5,2022-03-22T13:27:20Z,2022-03-22T13:27:20Z,c08a07856799c32fd3,"Fine Baby Diapers, Size 6, Junior 16+ kg, Mega Pack of 66 diapers (UAE)",6251001272208,,70.33,Fine,False,area,UAE,category,Baby,product_range,"Baby Diapers, Size 6, Junior 16+ kg, Mega Pack of 66 diapers",A7ZYPG67HNF2D,EMAAM,https://www.amazon.ae/gp/aag/main/ref=olp_merch_name?ie=UTF8&seller=A7ZYPG67HNF2D,53,0,,,,,,,,,
d1810a87729ecd20d0,https://www.amazon.ae/dp/B077QWSB91/,https://www.amazon.ae/gp/offer-listing/B077QWSB91/,B077QWSB91,52.38,46.0,unknown,-1,in_stock,1,direct,362,4.4,2022-03-22T13:26:29Z,2022-03-22T13:26:29Z,cf8a13856f96c026d3,"Fine Baby Diapers, DoubleLock Technology, Size 5, Maxi 11-18kg, Mega Pack, 70 Diapers (UAE)",6251001272192,,70.04,Fine,False,area,UAE,category,Baby,product_range,"Baby Diapers, DoubleLock Technology, Size 5, Maxi 11-18kg, Mega Pack, 70 Diapers",A7ZYPG67HNF2D,EMAAM,https://www.amazon.ae/gp/aag/main/ref=olp_merch_name?ie=UTF8&seller=A7ZYPG67HNF2D,46,0,,,,,,,,,
d18002887c9acb21dd,https://www.amazon.ae/dp/B08QTPWZSK/,https://www.amazon.ae/gp/offer-listing/B08QTPWZSK/,B08QTPWZSK,28.94,89.0,unknown,-1,in_stock,1,direct,2,4.6,2022-03-22T13:25:55Z,2022-03-18T13:40:08Z,db8a10856196d520d6,Fine Ultra Wet Wipes Guard 030 Sheets 1 Ply(Carton of 01x12) (UAE),6251001320350,,44.94,Fine,False,area,UAE,category,Fine Guard,product_range,Ultra Wet Wipes Guard 030 Sheets 1 Ply(Carton of 01x12),A2QJ44I4RWAWN3,MGT-UAE,https://www.amazon.ae/gp/aag/main/ref=olp_merch_name?ie=UTF8&seller=A2QJ44I4RWAWN3,89,0,,,,,,,,,
d1800385799dcd24d4,https://www.amazon.ae/dp/B08N5RH7Z5/,https://www.amazon.ae/gp/offer-listing/B08N5RH7Z5/,B08N5RH7Z5,43.6,49.0,unknown,-1,in_stock,1,direct,21,4.5,2022-03-22T13:25:29Z,2022-03-19T21:59:17Z,a58a07856196d823dd,Fine Hygiene solutions Guard PureSurfaces 150 ml (Carton of 01x12) 6251001317879 (UAE),6251001317879,,49.35,Fine,False,area,UAE,category,Fine Guard,product_range,Hygiene solutions Guard PureSurfaces 150 ml (Carton of 01x12),A2V7WL7CVRT939,Babla Enterprise,https://www.amazon.ae/gp/aag/main/ref=olp_merch_name?ie=UTF8&seller=A2V7WL7CVRT939,49,0,,,,,,,,,
d18003847b97ca20d2,https://www.amazon.ae/dp/B08WRDS32H/,https://www.amazon.ae/gp/offer-listing/B08WRDS32H/,B08WRDS32H,119.69,-1.0,unknown,-1,out_of_stock,5,direct,-1,-1.0,2022-03-22T13:18:58Z,2022-03-19T15:46:58Z,c88a13856e96d621d1,"Nai Nai's Moroccan Mint Lemon Tea, 100% Natural, Ready-to-Drink, 473 ml Glass Botttles (Tray of 12) (UAE)",9506000113364,,119.41,Nai,False,area,UAE,category,Nai,product_range,"Nai's Moroccan Mint Lemon Tea, 100% Natural, Ready-to-Drink, 473 ml Glass Botttles (Tray of 12)",,,,,,,,,,,,,,
d18002847c9cc826dd,https://www.amazon.ae/dp/B076THR61J/,https://www.amazon.ae/gp/offer-listing/B076THR61J/,B076THR61J,2.44,-1.0,unknown,-1,in_stock,1,direct,113,4.7,2022-03-22T13:16:23Z,2022-03-17T18:37:49Z,cc8a65856c96c32edd,"Fine Fine, Facial Tissues, Classic Pocket, 10x3 Ply White Tissues, pack of 10, 100 tissues (UAE)",6251001213027,,3.95,Fine,False,area,UAE,category,Pocket,product_range,"Fine, Facial Tissues, Classic Pocket, 10x3 Ply White Tissues, pack of 10, 100 tissues",,,,,,,,,,,,,,
d1810a827397cc23dc,https://www.amazon.ae/dp/B09G3HDBY4/,https://www.amazon.ae/gp/offer-listing/B09G3HDBY4/,B09G3HDBY4,50.69,-1.0,unknown,-1,in_stock,1,direct,60,4.4,2022-03-22T13:16:05Z,2022-03-21T15:27:03Z,ce8a10896c9adc23dc,Fine Toilet Tissue Comfort XL 250 Sheets 2 Plies Mega pack (Bale of 40x1) (UAE),6251001311341,,,Fine,False,area,UAE,category,Fine Toilet Tissue,product_range,Toilet Tissue Comfort XL 250 Sheets 2 Plies Mega pack (Bale of 40x1),,,,,,,,,,,,,,
d18308897a96cc2fd0,https://www.amazon.ae/dp/B09H78R676/,https://www.amazon.ae/gp/offer-listing/B09H78R676/,B09H78R676,-1.0,-1.0,unknown,-1,marketplace_only,10,no_winner,2,5.0,2022-03-22T13:16:03Z,2022-02-14T18:15:59Z,c18a1c89779aa223dd,Fine Towel Household Super Towel PRO 60 Sheets 3 Plies Saving Value (Bale of 16x1) (UAE),6251001311426,,,Fine,False,area,UAE,category,Kitchen,form_factor,Super towel pro,,,,,,,,,,,,,product_range,Towel Household Super Towel PRO 60 Sheets 3 Plies Saving Value (Bale of 16x1)
d1810a827397cc2ed6,https://www.amazon.ae/dp/B00I2273C6/,https://www.amazon.ae/gp/offer-listing/B00I2273C6/,B00I2273C6,2.8,-1.0,unknown,-1,in_stock,1,direct,71,4.6,2022-03-22T13:15:52Z,2022-03-21T15:27:07Z,ba8a1c857796d725d1,"Fine Fine, Facial Tissue,Classic Cubic 100X2Ply (UAE)",6251001210088,,3.15,Fine,False,area,UAE,category,Facial,product_range,"Fine, Facial Tissue,Classic Cubic 100X2Ply",,,,,,,,,,,,,,
d1810a827a9ec92edd,https://www.amazon.ae/dp/B099R8BXKZ/,https://www.amazon.ae/gp/offer-listing/B099R8BXKZ/,B099R8BXKZ,8.14,22.0,unknown,-1,in_stock,1,direct,57,4.5,2022-03-22T13:15:05Z,2022-03-21T12:13:49Z,c48a11856197d426dd,Fine Toilet Tissue Deluxe 140 Sheets 3 Plies - 4 rolls (UAE),6251001310405,,12.13,Fine,False,area,UAE,category,Toilet,product_range,Toilet Tissue Deluxe 140 Sheets 3 Plies - 4 rolls,A2FTC7QY1XDGAC,AwaisijanDXB,https://www.amazon.ae/gp/aag/main/ref=olp_merch_name?ie=UTF8&seller=A2FTC7QY1XDGAC,22,0,,,,,,,,,
d1810a857c9fcb24d1,https://www.amazon.ae/dp/B09G6LS1JK/,https://www.amazon.ae/gp/offer-listing/B09G6LS1JK/,B09G6LS1JK,14.95,15.95,unknown,-1,in_stock,1,direct,60,4.4,2022-03-22T13:13:57Z,2022-03-22T04:15:56Z,ce8a7a896f9ac320d5,Fine Toilet Tissue Comfort XL 250 Sheets 2 Plies @ Super Saver Price (Bale of 50x1) (UAE),6251001311396,,,Fine,False,area,UAE,category,Fine Toilet Tissue,product_range,Toilet Tissue Comfort XL 250 Sheets 2 Plies @ Super Saver Price (Bale of 50x1),A1JMN2DE6KYDSL,TRATOPIA GENERAL TRADING,https://www.amazon.ae/gp/aag/main/ref=olp_merch_name?ie=UTF8&seller=A1JMN2DE6KYDSL,15.95,0,,,,,,,,,
d18002807897cf2fd5,https://www.amazon.ae/dp/B07RGW3QZ8/,https://www.amazon.ae/gp/offer-listing/B07RGW3QZ8/,B07RGW3QZ8,-1.0,17.5,unknown,-1,marketplace_only,10,marketplace,10,4.2,2022-03-22T11:39:42Z,2022-03-17T00:46:07Z,db8a65856f96d424d6,"Fine Fine, Facial Tissues, Classic Euphoria, 150x2 Ply White Tissues, pack of 5 boxes, 750 tissues (UAE)",6251001210118,,23.94,Fine,False,area,UAE,category,Facial,product_range,"Fine, Facial Tissues, Classic Euphoria, 150x2 Ply White Tissues, pack of 5 boxes, 750 tissues",A36WW4TCUXZR8I,Best Spends,https://www.amazon.ae/gp/aag/main/ref=olp_merch_name?ie=UTF8&seller=A36WW4TCUXZR8I,17.5,0,A36WW4TCUXZR8I,Best Spends,https://www.amazon.ae/gp/aag/main/ref=olp_merch_name?ie=UTF8&seller=A36WW4TCUXZR8I,17.5,0,True,False,,
d68a0c837c9ecc24d7,https://www.amazon.ae/dp/B08WR8NB83/,https://www.amazon.ae/gp/offer-listing/B08WR8NB83/,B08WR8NB83,119.69,-1.0,unknown,-1,in_stock,1,direct,-1,-1.0,2022-03-22T11:22:50Z,2021-12-15T16:46:30Z,db8a06857796d621d6,"Nai Nai's Ginger Apple Green Tea, 100% Natural, Ready-to-Drink, 473 ml Glass Bottle (Tray of 12) (UAE)",9506000113371,,119.41,Nai,False,area,UAE,category,Nai,product_range,"Nai's Ginger Apple Green Tea, 100% Natural, Ready-to-Drink, 473 ml Glass Bottle (Tray of 12)",,,,,,,,,,,,,,
d1800e86739ccd22d4,https://www.amazon.ae/dp/B08BSDT4QW/,https://www.amazon.ae/gp/offer-listing/B08BSDT4QW/,B08BSDT4QW,-1.0,35.0,unknown,-1,marketplace_only,10,marketplace,3,4.4,2022-03-22T03:04:24Z,2022-03-10T10:46:43Z,a58a11856c96c324d5,"Fine Smile, Facial Tissues, 110 x 2 Ply, White Tissues, pack of 5 boxes, 550 tissues (UAE)",6251001300888,,15.8,Fine,False,area,UAE,category,Facial,product_range,"Smile, Facial Tissues, 110 x 2 Ply, White Tissues, pack of 5 boxes, 550 tissues",A11FGX36IOVWOP,On Demad Collection,https://www.amazon.ae/gp/aag/main/ref=olp_merch_name?ie=UTF8&seller=A11FGX36IOVWOP,35,0,A11FGX36IOVWOP,On Demad Collection,https://www.amazon.ae/gp/aag/main/ref=olp_merch_name?ie=UTF8&seller=A11FGX36IOVWOP,35,0,True,False,,
d18003837c98ca2fd1,https://www.amazon.ae/dp/B077G7H27Y/,https://www.amazon.ae/gp/offer-listing/B077G7H27Y/,B077G7H27Y,43.85,-1.0,unknown,-1,in_stock,1,direct,52,4.3,2022-03-21T10:17:16Z,2022-03-19T13:53:01Z,c38a7a856099d621d0,"Fine Care Incontinence Unisex Pull-ups, Waist (100 - 140 cm), Large, pack of 14 (UAE)",6251001239027,,68.15,Fine,False,area,UAE,category,Adult,product_range,"Care Incontinence Unisex Pull-ups, Waist (100 - 140 cm), Large, pack of 14",,,,,,,,,,,,,,
d18002887c99ce24d2,https://www.amazon.ae/dp/B08QTZYVQ6/,https://www.amazon.ae/gp/offer-listing/B08QTZYVQ6/,B08QTZYVQ6,15.9,49.0,unknown,-1,in_stock,1,direct,2,5.0,2022-03-20T13:03:21Z,2022-03-18T13:45:37Z,ce8a13856196bd20d7,Fine Ultra Wet Wipes Guard 16 Sheets 1 Ply (carton of 01x24) (UAE),6251001320374,,,Fine,False,area,UAE,category,Fine Guard,product_range,Ultra Wet Wipes Guard 16 Sheets 1 Ply (carton of 01x24),A2QJ44I4RWAWN3,MGT-UAE,https://www.amazon.ae/gp/aag/main/ref=olp_merch_name?ie=UTF8&seller=A2QJ44I4RWAWN3,49,0,,,,,,,,,
d18003877397cf23dc,https://www.amazon.ae/dp/B09G3H5XZ8/,https://www.amazon.ae/gp/offer-listing/B09G3H5XZ8/,B09G3H5XZ8,-1.0,60.0,unknown,-1,marketplace_only,10,marketplace,1000,4.6,2022-03-20T12:46:43Z,2022-03-20T12:46:43Z,ce8a07896b9ad523d7,Fine Facial Tissues Fine Classic 150X2 Plies (Carton of 01x18) Variety Dawn (UAE),6251001302134,,,Fine,False,area,UAE,category,Facial,product_range,Facial Tissues Fine Classic 150X2 Plies (Carton of 01x18) Variety Dawn,A2JRR7H76CT8U1,Al Shoala Group L.L.C.,https://www.amazon.ae/gp/aag/main/ref=olp_merch_name?ie=UTF8&seller=A2JRR7H76CT8U1,60,0,A2JRR7H76CT8U1,Al Shoala Group L.L.C.,https://www.amazon.ae/gp/aag/main/ref=olp_merch_name?ie=UTF8&seller=A2JRR7H76CT8U1,80,0,True,False,,
d1800384739bc520d2,https://www.amazon.ae/dp/B0919HB713/,https://www.amazon.ae/gp/offer-listing/B0919HB713/,B0919HB713,-1.0,109.99,unknown,-1,marketplace_only,10,marketplace,16,4.6,2022-03-19T19:38:59Z,2022-03-19T19:38:59Z,d98a1e856197d426d5,Fine Towel Household Super Towel PRO 070 Sheets 3 Plies 8 rolls with Gift (Bale of 08x3) (UAE),6251001310337,,28.37,Fine,False,area,UAE,category,Towel,product_range,Towel Household Super Towel PRO 070 Sheets 3 Plies 8 rolls with Gift (Bale of 08x3),A1HKHMEN3BV95C,ZM KHAWAJA,https://www.amazon.ae/gp/aag/main/ref=olp_merch_name?ie=UTF8&seller=A1HKHMEN3BV95C,109.99,0,A1HKHMEN3BV95C,ZM KHAWAJA,https://www.amazon.ae/gp/aag/main/ref=olp_merch_name?ie=UTF8&seller=A1HKHMEN3BV95C,109.99,0,True,False,,
d18002887a9ac426d4,https://www.amazon.ae/dp/B083B17XSN/,https://www.amazon.ae/gp/offer-listing/B083B17XSN/,B083B17XSN,296.35,407.0,unknown,-1,out_of_stock,5,direct,6,4.1,2022-03-19T10:54:26Z,2022-03-18T11:34:56Z,cc8a12857499bd2ed0,"Fine Care Incontinence Unisex Pull-Ups, Large (Waist 100 - 140 CM) - Pack of 14 X 6 (UAE)",6251001239034,,408.51,Fine,False,area,UAE,category,Adult,product_range,"Care Incontinence Unisex Pull-Ups, Large (Waist 100 - 140 CM) - Pack of 14 X 6",A3KEDNAFRWCFS2,Hardik Shopping,https://www.amazon.ae/gp/aag/main/ref=olp_merch_name?ie=UTF8&seller=A3KEDNAFRWCFS2,407,0,,,,,,,,,
d18002857a9fcb2fd4,https://www.amazon.ae/dp/B085GLNR4P/,https://www.amazon.ae/gp/offer-listing/B085GLNR4P/,B085GLNR4P,181.38,-1.0,unknown,-1,out_of_stock,5,direct,-1,-1.0,2022-03-18T12:08:40Z,2022-03-17T20:37:49Z,c48a1c857499d92ed1,"Fine Care Incontinence Unisex Briefs, Small, Waist (51-75 cm), Pack of 18 X 4 (UAE)",6251001309034,,212.52,Fine,False,area,UAE,category,Adult,product_range,"Care Incontinence Unisex Briefs, Small, Waist (51-75 cm), Pack of 18 X 4",,,,,,,,,,,,,,
d18002847398cc27d3,https://www.amazon.ae/dp/B085GTSF34/,https://www.amazon.ae/gp/offer-listing/B085GTSF34/,B085GTSF34,239.63,260.0,unknown,-1,in_stock,1,direct,-1,-1.0,2022-03-18T11:54:05Z,2022-03-17T20:20:49Z,d98a17850a99d42ed7,"Fine Care Incontinence Unisex Briefs, Large, Waist (110 -156 cm), Pack of 18 X 4 (UAE)",6251001309010,,299.49,Fine,False,area,UAE,category,Adult,product_range,"Care Incontinence Unisex Briefs, Large, Waist (110 -156 cm), Pack of 18 X 4",A3KEDNAFRWCFS2,Hardik Shopping,https://www.amazon.ae/gp/aag/main/ref=olp_merch_name?ie=UTF8&seller=A3KEDNAFRWCFS2,260,0,,,,,,,,,
d18002877b9cc527d5,https://www.amazon.ae/dp/B083B1Q3T9/,https://www.amazon.ae/gp/offer-listing/B083B1Q3T9/,B083B1Q3T9,339.12,-1.0,unknown,-1,out_of_stock,5,direct,1,4.0,2022-03-18T10:57:51Z,2022-03-18T07:57:05Z,ba8a7a856399d02ed3,"Fine Care Incontinence Unisex Pull-Ups, Medium (Waist 80 - 110 CM) - Pack of 14 X 6 (UAE)",6251001239010,,382.97,Fine,False,area,UAE,category,Adult,product_range,"Care Incontinence Unisex Pull-Ups, Medium (Waist 80 - 110 CM) - Pack of 14 X 6",,,,,,,,,,,,,,
d18009857b96cc2ed1,https://www.amazon.ae/dp/B09G6KSVYB/,https://www.amazon.ae/gp/offer-listing/B09G6KSVYB/,B09G6KSVYB,12.78,38.07,unknown,-1,ships_later,3,direct,-1,-1.0,2022-03-08T05:55:35Z,2022-03-08T05:55:35Z,cc8a1f890a9adc23d2,Fine Towel Household Fine Super Towel PRO 60 sheets 3ply 10 rolls @ Special Price (Bale10x2) (UAE),6251001311389,,,Fine,False,area,UAE,category,Kitchen,form_factor,Super towel pro,AGT3L10I3RYXZ,HM Corner Store,https://www.amazon.ae/gp/aag/main/ref=olp_merch_name?ie=UTF8&seller=AGT3L10I3RYXZ,38.07,0,,,,,,,,product_range,Towel Household Fine Super Towel PRO 60 sheets 3ply 10 rolls @ Special Price (Bale10x2)
